profile_id,item_id,raw_answer
featured,Q01,4
featured,Q02,2
featured,Q03,5
featured,Q04,3
featured,Q05,4
featured,Q06,2
featured,Q07,3
featured,Q08,1
featured,Q09,2
featured,Q10,2
featured,Q11,3
featured,Q12,4
featured,Q13,4
featured,Q14,3
featured,Q15,3
featured,Q16,1
featured,Q17,3
featured,Q18,1
featured,Q19,2
featured,Q20,2
featured,Q21,4
featured,Q22,2
featured,Q23,5
featured,Q24,4
featured,Q25,4
featured,Q26,1
featured,Q27,3
featured,Q28,1
featured,Q29,4
featured,Q30,2
featured,Q31,4
featured,Q32,3
featured,Q33,5
featured,Q34,5
featured,Q35,4
featured,Q36,2
featured,Q37,3
featured,Q38,1
featured,Q39,4
featured,Q40,3
featured,Q41,4
featured,Q42,3
featured,Q43,4
featured,Q44,4
featured,Q45,5
featured,Q46,3
featured,Q47,2
featured,Q48,5
featured,Q49,3
featured,Q50,5
sensitivity_01,Q01,5
sensitivity_01,Q02,4
sensitivity_01,Q03,4
sensitivity_01,Q04,5
sensitivity_01,Q05,2
sensitivity_01,Q06,1
sensitivity_01,Q07,3
sensitivity_01,Q08,2
sensitivity_01,Q09,1
sensitivity_01,Q10,5
sensitivity_01,Q11,4
sensitivity_01,Q12,4
sensitivity_01,Q13,4
sensitivity_01,Q14,5
sensitivity_01,Q15,1
sensitivity_01,Q16,1
sensitivity_01,Q17,1
sensitivity_01,Q18,2
sensitivity_01,Q19,1
sensitivity_01,Q20,5
sensitivity_01,Q21,5
sensitivity_01,Q22,4
sensitivity_01,Q23,5
sensitivity_01,Q24,5
sensitivity_01,Q25,1
sensitivity_01,Q26,1
sensitivity_01,Q27,2
sensitivity_01,Q28,3
sensitivity_01,Q29,5
sensitivity_01,Q30,5
sensitivity_01,Q31,5
sensitivity_01,Q32,4
sensitivity_01,Q33,3
sensitivity_01,Q34,4
sensitivity_01,Q35,2
sensitivity_01,Q36,2
sensitivity_01,Q37,1
sensitivity_01,Q38,2
sensitivity_01,Q39,5
sensitivity_01,Q40,2
sensitivity_01,Q41,5
sensitivity_01,Q42,2
sensitivity_01,Q43,4
sensitivity_01,Q44,5
sensitivity_01,Q45,1
sensitivity_01,Q46,1
sensitivity_01,Q47,2
sensitivity_01,Q48,4
sensitivity_01,Q49,5
sensitivity_01,Q50,1
sensitivity_02,Q01,2
sensitivity_02,Q02,4
sensitivity_02,Q03,5
sensitivity_02,Q04,5
sensitivity_02,Q05,1
sensitivity_02,Q06,3
sensitivity_02,Q07,4
sensitivity_02,Q08,2
sensitivity_02,Q09,1
sensitivity_02,Q10,5
sensitivity_02,Q11,2
sensitivity_02,Q12,3
sensitivity_02,Q13,5
sensitivity_02,Q14,5
sensitivity_02,Q15,1
sensitivity_02,Q16,4
sensitivity_02,Q17,2
sensitivity_02,Q18,1
sensitivity_02,Q19,1
sensitivity_02,Q20,5
sensitivity_02,Q21,2
sensitivity_02,Q22,3
sensitivity_02,Q23,4
sensitivity_02,Q24,4
sensitivity_02,Q25,1
sensitivity_02,Q26,4
sensitivity_02,Q27,3
sensitivity_02,Q28,1
sensitivity_02,Q29,5
sensitivity_02,Q30,5
sensitivity_02,Q31,2
sensitivity_02,Q32,4
sensitivity_02,Q33,5
sensitivity_02,Q34,5
sensitivity_02,Q35,1
sensitivity_02,Q36,4
sensitivity_02,Q37,4
sensitivity_02,Q38,1
sensitivity_02,Q39,5
sensitivity_02,Q40,1
sensitivity_02,Q41,2
sensitivity_02,Q42,2
sensitivity_02,Q43,5
sensitivity_02,Q44,5
sensitivity_02,Q45,1
sensitivity_02,Q46,5
sensitivity_02,Q47,3
sensitivity_02,Q48,5
sensitivity_02,Q49,4
sensitivity_02,Q50,1
sensitivity_03,Q01,1
sensitivity_03,Q02,4
sensitivity_03,Q03,3
sensitivity_03,Q04,5
sensitivity_03,Q05,2
sensitivity_03,Q06,5
sensitivity_03,Q07,1
sensitivity_03,Q08,4
sensitivity_03,Q09,1
sensitivity_03,Q10,4
sensitivity_03,Q11,1
sensitivity_03,Q12,5
sensitivity_03,Q13,2
sensitivity_03,Q14,5
sensitivity_03,Q15,2
sensitivity_03,Q16,5
sensitivity_03,Q17,1
sensitivity_03,Q18,4
sensitivity_03,Q19,1
sensitivity_03,Q20,3
sensitivity_03,Q21,1
sensitivity_03,Q22,5
sensitivity_03,Q23,1
sensitivity_03,Q24,4
sensitivity_03,Q25,2
sensitivity_03,Q26,5
sensitivity_03,Q27,2
sensitivity_03,Q28,4
sensitivity_03,Q29,5
sensitivity_03,Q30,4
sensitivity_03,Q31,1
sensitivity_03,Q32,5
sensitivity_03,Q33,2
sensitivity_03,Q34,5
sensitivity_03,Q35,1
sensitivity_03,Q36,5
sensitivity_03,Q37,1
sensitivity_03,Q38,5
sensitivity_03,Q39,5
sensitivity_03,Q40,2
sensitivity_03,Q41,1
sensitivity_03,Q42,1
sensitivity_03,Q43,2
sensitivity_03,Q44,5
sensitivity_03,Q45,2
sensitivity_03,Q46,5
sensitivity_03,Q47,1
sensitivity_03,Q48,2
sensitivity_03,Q49,5
sensitivity_03,Q50,2
sensitivity_04,Q01,2
sensitivity_04,Q02,3
sensitivity_04,Q03,3
sensitivity_04,Q04,1
sensitivity_04,Q05,1
sensitivity_04,Q06,5
sensitivity_04,Q07,3
sensitivity_04,Q08,3
sensitivity_04,Q09,4
sensitivity_04,Q10,4
sensitivity_04,Q11,2
sensitivity_04,Q12,2
sensitivity_04,Q13,2
sensitivity_04,Q14,2
sensitivity_04,Q15,2
sensitivity_04,Q16,4
sensitivity_04,Q17,3
sensitivity_04,Q18,3
sensitivity_04,Q19,5
sensitivity_04,Q20,4
sensitivity_04,Q21,1
sensitivity_04,Q22,3
sensitivity_04,Q23,3
sensitivity_04,Q24,2
sensitivity_04,Q25,1
sensitivity_04,Q26,4
sensitivity_04,Q27,3
sensitivity_04,Q28,3
sensitivity_04,Q29,2
sensitivity_04,Q30,4
sensitivity_04,Q31,2
sensitivity_04,Q32,3
sensitivity_04,Q33,3
sensitivity_04,Q34,2
sensitivity_04,Q35,2
sensitivity_04,Q36,5
sensitivity_04,Q37,3
sensitivity_04,Q38,4
sensitivity_04,Q39,2
sensitivity_04,Q40,2
sensitivity_04,Q41,1
sensitivity_04,Q42,3
sensitivity_04,Q43,2
sensitivity_04,Q44,2
sensitivity_04,Q45,3
sensitivity_04,Q46,4
sensitivity_04,Q47,3
sensitivity_04,Q48,3
sensitivity_04,Q49,2
sensitivity_04,Q50,2
sensitivity_05,Q01,5
sensitivity_05,Q02,5
sensitivity_05,Q03,4
sensitivity_05,Q04,4
sensitivity_05,Q05,4
sensitivity_05,Q06,2
sensitivity_05,Q07,1
sensitivity_05,Q08,3
sensitivity_05,Q09,3
sensitivity_05,Q10,1
sensitivity_05,Q11,5
sensitivity_05,Q12,5
sensitivity_05,Q13,2
sensitivity_05,Q14,3
sensitivity_05,Q15,5
sensitivity_05,Q16,1
sensitivity_05,Q17,1
sensitivity_05,Q18,3
sensitivity_05,Q19,2
sensitivity_05,Q20,2
sensitivity_05,Q21,5
sensitivity_05,Q22,5
sensitivity_05,Q23,2
sensitivity_05,Q24,5
sensitivity_05,Q25,5
sensitivity_05,Q26,1
sensitivity_05,Q27,1
sensitivity_05,Q28,3
sensitivity_05,Q29,3
sensitivity_05,Q30,1
sensitivity_05,Q31,4
sensitivity_05,Q32,5
sensitivity_05,Q33,3
sensitivity_05,Q34,4
sensitivity_05,Q35,5
sensitivity_05,Q36,1
sensitivity_05,Q37,2
sensitivity_05,Q38,3
sensitivity_05,Q39,4
sensitivity_05,Q40,5
sensitivity_05,Q41,5
sensitivity_05,Q42,1
sensitivity_05,Q43,3
sensitivity_05,Q44,3
sensitivity_05,Q45,5
sensitivity_05,Q46,1
sensitivity_05,Q47,1
sensitivity_05,Q48,4
sensitivity_05,Q49,5
sensitivity_05,Q50,5
sensitivity_06,Q01,3
sensitivity_06,Q02,5
sensitivity_06,Q03,2
sensitivity_06,Q04,4
sensitivity_06,Q05,3
sensitivity_06,Q06,3
sensitivity_06,Q07,1
sensitivity_06,Q08,5
sensitivity_06,Q09,2
sensitivity_06,Q10,3
sensitivity_06,Q11,3
sensitivity_06,Q12,5
sensitivity_06,Q13,1
sensitivity_06,Q14,5
sensitivity_06,Q15,5
sensitivity_06,Q16,3
sensitivity_06,Q17,1
sensitivity_06,Q18,4
sensitivity_06,Q19,2
sensitivity_06,Q20,2
sensitivity_06,Q21,3
sensitivity_06,Q22,5
sensitivity_06,Q23,2
sensitivity_06,Q24,4
sensitivity_06,Q25,4
sensitivity_06,Q26,3
sensitivity_06,Q27,1
sensitivity_06,Q28,5
sensitivity_06,Q29,3
sensitivity_06,Q30,3
sensitivity_06,Q31,3
sensitivity_06,Q32,5
sensitivity_06,Q33,1
sensitivity_06,Q34,5
sensitivity_06,Q35,5
sensitivity_06,Q36,4
sensitivity_06,Q37,1
sensitivity_06,Q38,5
sensitivity_06,Q39,4
sensitivity_06,Q40,4
sensitivity_06,Q41,3
sensitivity_06,Q42,1
sensitivity_06,Q43,1
sensitivity_06,Q44,4
sensitivity_06,Q45,5
sensitivity_06,Q46,2
sensitivity_06,Q47,1
sensitivity_06,Q48,2
sensitivity_06,Q49,4
sensitivity_06,Q50,4
sensitivity_07,Q01,3
sensitivity_07,Q02,4
sensitivity_07,Q03,5
sensitivity_07,Q04,3
sensitivity_07,Q05,3
sensitivity_07,Q06,3
sensitivity_07,Q07,1
sensitivity_07,Q08,1
sensitivity_07,Q09,2
sensitivity_07,Q10,4
sensitivity_07,Q11,4
sensitivity_07,Q12,3
sensitivity_07,Q13,5
sensitivity_07,Q14,3
sensitivity_07,Q15,1
sensitivity_07,Q16,3
sensitivity_07,Q17,3
sensitivity_07,Q18,1
sensitivity_07,Q19,2
sensitivity_07,Q20,5
sensitivity_07,Q21,2
sensitivity_07,Q22,4
sensitivity_07,Q23,5
sensitivity_07,Q24,3
sensitivity_07,Q25,3
sensitivity_07,Q26,3
sensitivity_07,Q27,2
sensitivity_07,Q28,1
sensitivity_07,Q29,3
sensitivity_07,Q30,3
sensitivity_07,Q31,3
sensitivity_07,Q32,4
sensitivity_07,Q33,5
sensitivity_07,Q34,3
sensitivity_07,Q35,3
sensitivity_07,Q36,3
sensitivity_07,Q37,2
sensitivity_07,Q38,1
sensitivity_07,Q39,3
sensitivity_07,Q40,2
sensitivity_07,Q41,3
sensitivity_07,Q42,2
sensitivity_07,Q43,5
sensitivity_07,Q44,3
sensitivity_07,Q45,1
sensitivity_07,Q46,3
sensitivity_07,Q47,2
sensitivity_07,Q48,5
sensitivity_07,Q49,2
sensitivity_07,Q50,2
sensitivity_08,Q01,4
sensitivity_08,Q02,2
sensitivity_08,Q03,5
sensitivity_08,Q04,5
sensitivity_08,Q05,5
sensitivity_08,Q06,2
sensitivity_08,Q07,4
sensitivity_08,Q08,1
sensitivity_08,Q09,1
sensitivity_08,Q10,3
sensitivity_08,Q11,4
sensitivity_08,Q12,1
sensitivity_08,Q13,5
sensitivity_08,Q14,5
sensitivity_08,Q15,5
sensitivity_08,Q16,1
sensitivity_08,Q17,5
sensitivity_08,Q18,1
sensitivity_08,Q19,1
sensitivity_08,Q20,2
sensitivity_08,Q21,3
sensitivity_08,Q22,2
sensitivity_08,Q23,5
sensitivity_08,Q24,5
sensitivity_08,Q25,5
sensitivity_08,Q26,2
sensitivity_08,Q27,4
sensitivity_08,Q28,1
sensitivity_08,Q29,4
sensitivity_08,Q30,2
sensitivity_08,Q31,4
sensitivity_08,Q32,2
sensitivity_08,Q33,5
sensitivity_08,Q34,5
sensitivity_08,Q35,4
sensitivity_08,Q36,1
sensitivity_08,Q37,4
sensitivity_08,Q38,2
sensitivity_08,Q39,5
sensitivity_08,Q40,3
sensitivity_08,Q41,4
sensitivity_08,Q42,4
sensitivity_08,Q43,5
sensitivity_08,Q44,5
sensitivity_08,Q45,4
sensitivity_08,Q46,2
sensitivity_08,Q47,4
sensitivity_08,Q48,5
sensitivity_08,Q49,5
sensitivity_08,Q50,3
sensitivity_09,Q01,5
sensitivity_09,Q02,3
sensitivity_09,Q03,3
sensitivity_09,Q04,1
sensitivity_09,Q05,4
sensitivity_09,Q06,1
sensitivity_09,Q07,3
sensitivity_09,Q08,2
sensitivity_09,Q09,5
sensitivity_09,Q10,2
sensitivity_09,Q11,5
sensitivity_09,Q12,2
sensitivity_09,Q13,3
sensitivity_09,Q14,1
sensitivity_09,Q15,4
sensitivity_09,Q16,1
sensitivity_09,Q17,3
sensitivity_09,Q18,3
sensitivity_09,Q19,4
sensitivity_09,Q20,2
sensitivity_09,Q21,4
sensitivity_09,Q22,4
sensitivity_09,Q23,4
sensitivity_09,Q24,1
sensitivity_09,Q25,4
sensitivity_09,Q26,1
sensitivity_09,Q27,3
sensitivity_09,Q28,4
sensitivity_09,Q29,1
sensitivity_09,Q30,3
sensitivity_09,Q31,4
sensitivity_09,Q32,3
sensitivity_09,Q33,3
sensitivity_09,Q34,2
sensitivity_09,Q35,4
sensitivity_09,Q36,1
sensitivity_09,Q37,3
sensitivity_09,Q38,3
sensitivity_09,Q39,1
sensitivity_09,Q40,4
sensitivity_09,Q41,5
sensitivity_09,Q42,3
sensitivity_09,Q43,3
sensitivity_09,Q44,1
sensitivity_09,Q45,4
sensitivity_09,Q46,1
sensitivity_09,Q47,3
sensitivity_09,Q48,3
sensitivity_09,Q49,1
sensitivity_09,Q50,4
sensitivity_10,Q01,2
sensitivity_10,Q02,2
sensitivity_10,Q03,4
sensitivity_10,Q04,2
sensitivity_10,Q05,4
sensitivity_10,Q06,5
sensitivity_10,Q07,4
sensitivity_10,Q08,1
sensitivity_10,Q09,3
sensitivity_10,Q10,3
sensitivity_10,Q11,2
sensitivity_10,Q12,2
sensitivity_10,Q13,5
sensitivity_10,Q14,2
sensitivity_10,Q15,4
sensitivity_10,Q16,5
sensitivity_10,Q17,5
sensitivity_10,Q18,1
sensitivity_10,Q19,3
sensitivity_10,Q20,3
sensitivity_10,Q21,1
sensitivity_10,Q22,3
sensitivity_10,Q23,5
sensitivity_10,Q24,3
sensitivity_10,Q25,3
sensitivity_10,Q26,4
sensitivity_10,Q27,4
sensitivity_10,Q28,1
sensitivity_10,Q29,3
sensitivity_10,Q30,3
sensitivity_10,Q31,1
sensitivity_10,Q32,1
sensitivity_10,Q33,5
sensitivity_10,Q34,3
sensitivity_10,Q35,3
sensitivity_10,Q36,5
sensitivity_10,Q37,4
sensitivity_10,Q38,1
sensitivity_10,Q39,3
sensitivity_10,Q40,3
sensitivity_10,Q41,1
sensitivity_10,Q42,4
sensitivity_10,Q43,5
sensitivity_10,Q44,3
sensitivity_10,Q45,3
sensitivity_10,Q46,4
sensitivity_10,Q47,3
sensitivity_10,Q48,5
sensitivity_10,Q49,3
sensitivity_10,Q50,3
sensitivity_11,Q01,1
sensitivity_11,Q02,2
sensitivity_11,Q03,3
sensitivity_11,Q04,2
sensitivity_11,Q05,1
sensitivity_11,Q06,5
sensitivity_11,Q07,3
sensitivity_11,Q08,4
sensitivity_11,Q09,4
sensitivity_11,Q10,5
sensitivity_11,Q11,1
sensitivity_11,Q12,2
sensitivity_11,Q13,2
sensitivity_11,Q14,2
sensitivity_11,Q15,1
sensitivity_11,Q16,5
sensitivity_11,Q17,4
sensitivity_11,Q18,5
sensitivity_11,Q19,4
sensitivity_11,Q20,4
sensitivity_11,Q21,1
sensitivity_11,Q22,1
sensitivity_11,Q23,3
sensitivity_11,Q24,2
sensitivity_11,Q25,1
sensitivity_11,Q26,4
sensitivity_11,Q27,4
sensitivity_11,Q28,4
sensitivity_11,Q29,2
sensitivity_11,Q30,5
sensitivity_11,Q31,1
sensitivity_11,Q32,3
sensitivity_11,Q33,2
sensitivity_11,Q34,1
sensitivity_11,Q35,1
sensitivity_11,Q36,5
sensitivity_11,Q37,4
sensitivity_11,Q38,5
sensitivity_11,Q39,2
sensitivity_11,Q40,1
sensitivity_11,Q41,1
sensitivity_11,Q42,4
sensitivity_11,Q43,3
sensitivity_11,Q44,3
sensitivity_11,Q45,2
sensitivity_11,Q46,4
sensitivity_11,Q47,3
sensitivity_11,Q48,1
sensitivity_11,Q49,2
sensitivity_11,Q50,1
sensitivity_12,Q01,5
sensitivity_12,Q02,2
sensitivity_12,Q03,1
sensitivity_12,Q04,3
sensitivity_12,Q05,4
sensitivity_12,Q06,2
sensitivity_12,Q07,4
sensitivity_12,Q08,5
sensitivity_12,Q09,3
sensitivity_12,Q10,2
sensitivity_12,Q11,4
sensitivity_12,Q12,3
sensitivity_12,Q13,1
sensitivity_12,Q14,3
sensitivity_12,Q15,3
sensitivity_12,Q16,2
sensitivity_12,Q17,4
sensitivity_12,Q18,5
sensitivity_12,Q19,3
sensitivity_12,Q20,2
sensitivity_12,Q21,4
sensitivity_12,Q22,1
sensitivity_12,Q23,1
sensitivity_12,Q24,2
sensitivity_12,Q25,3
sensitivity_12,Q26,2
sensitivity_12,Q27,4
sensitivity_12,Q28,5
sensitivity_12,Q29,3
sensitivity_12,Q30,4
sensitivity_12,Q31,3
sensitivity_12,Q32,3
sensitivity_12,Q33,2
sensitivity_12,Q34,3
sensitivity_12,Q35,2
sensitivity_12,Q36,2
sensitivity_12,Q37,4
sensitivity_12,Q38,4
sensitivity_12,Q39,3
sensitivity_12,Q40,3
sensitivity_12,Q41,4
sensitivity_12,Q42,5
sensitivity_12,Q43,1
sensitivity_12,Q44,4
sensitivity_12,Q45,2
sensitivity_12,Q46,2
sensitivity_12,Q47,4
sensitivity_12,Q48,1
sensitivity_12,Q49,3
sensitivity_12,Q50,3
sensitivity_13,Q01,2
sensitivity_13,Q02,1
sensitivity_13,Q03,2
sensitivity_13,Q04,2
sensitivity_13,Q05,2
sensitivity_13,Q06,5
sensitivity_13,Q07,5
sensitivity_13,Q08,4
sensitivity_13,Q09,5
sensitivity_13,Q10,5
sensitivity_13,Q11,2
sensitivity_13,Q12,1
sensitivity_13,Q13,1
sensitivity_13,Q14,2
sensitivity_13,Q15,3
sensitivity_13,Q16,5
sensitivity_13,Q17,4
sensitivity_13,Q18,5
sensitivity_13,Q19,4
sensitivity_13,Q20,4
sensitivity_13,Q21,2
sensitivity_13,Q22,1
sensitivity_13,Q23,2
sensitivity_13,Q24,1
sensitivity_13,Q25,2
sensitivity_13,Q26,5
sensitivity_13,Q27,5
sensitivity_13,Q28,4
sensitivity_13,Q29,2
sensitivity_13,Q30,4
sensitivity_13,Q31,3
sensitivity_13,Q32,1
sensitivity_13,Q33,1
sensitivity_13,Q34,3
sensitivity_13,Q35,3
sensitivity_13,Q36,3
sensitivity_13,Q37,5
sensitivity_13,Q38,4
sensitivity_13,Q39,1
sensitivity_13,Q40,2
sensitivity_13,Q41,2
sensitivity_13,Q42,5
sensitivity_13,Q43,2
sensitivity_13,Q44,1
sensitivity_13,Q45,1
sensitivity_13,Q46,4
sensitivity_13,Q47,5
sensitivity_13,Q48,1
sensitivity_13,Q49,2
sensitivity_13,Q50,2
sensitivity_14,Q01,5
sensitivity_14,Q02,1
sensitivity_14,Q03,2
sensitivity_14,Q04,1
sensitivity_14,Q05,2
sensitivity_14,Q06,1
sensitivity_14,Q07,5
sensitivity_14,Q08,3
sensitivity_14,Q09,5
sensitivity_14,Q10,4
sensitivity_14,Q11,5
sensitivity_14,Q12,1
sensitivity_14,Q13,3
sensitivity_14,Q14,1
sensitivity_14,Q15,2
sensitivity_14,Q16,1
sensitivity_14,Q17,5
sensitivity_14,Q18,4
sensitivity_14,Q19,5
sensitivity_14,Q20,4
sensitivity_14,Q21,5
sensitivity_14,Q22,1
sensitivity_14,Q23,2
sensitivity_14,Q24,1
sensitivity_14,Q25,2
sensitivity_14,Q26,1
sensitivity_14,Q27,5
sensitivity_14,Q28,4
sensitivity_14,Q29,1
sensitivity_14,Q30,4
sensitivity_14,Q31,5
sensitivity_14,Q32,1
sensitivity_14,Q33,3
sensitivity_14,Q34,2
sensitivity_14,Q35,2
sensitivity_14,Q36,2
sensitivity_14,Q37,5
sensitivity_14,Q38,2
sensitivity_14,Q39,2
sensitivity_14,Q40,1
sensitivity_14,Q41,5
sensitivity_14,Q42,5
sensitivity_14,Q43,3
sensitivity_14,Q44,1
sensitivity_14,Q45,2
sensitivity_14,Q46,1
sensitivity_14,Q47,5
sensitivity_14,Q48,3
sensitivity_14,Q49,1
sensitivity_14,Q50,1
sensitivity_15,Q01,4
sensitivity_15,Q02,4
sensitivity_15,Q03,4
sensitivity_15,Q04,1
sensitivity_15,Q05,5
sensitivity_15,Q06,2
sensitivity_15,Q07,3
sensitivity_15,Q08,2
sensitivity_15,Q09,5
sensitivity_15,Q10,1
sensitivity_15,Q11,5
sensitivity_15,Q12,2
sensitivity_15,Q13,5
sensitivity_15,Q14,2
sensitivity_15,Q15,4
sensitivity_15,Q16,2
sensitivity_15,Q17,3
sensitivity_15,Q18,1
sensitivity_15,Q19,5
sensitivity_15,Q20,1
sensitivity_15,Q21,4
sensitivity_15,Q22,4
sensitivity_15,Q23,4
sensitivity_15,Q24,1
sensitivity_15,Q25,5
sensitivity_15,Q26,3
sensitivity_15,Q27,4
sensitivity_15,Q28,1
sensitivity_15,Q29,1
sensitivity_15,Q30,1
sensitivity_15,Q31,4
sensitivity_15,Q32,3
sensitivity_15,Q33,4
sensitivity_15,Q34,2
sensitivity_15,Q35,5
sensitivity_15,Q36,2
sensitivity_15,Q37,3
sensitivity_15,Q38,1
sensitivity_15,Q39,2
sensitivity_15,Q40,5
sensitivity_15,Q41,3
sensitivity_15,Q42,4
sensitivity_15,Q43,5
sensitivity_15,Q44,1
sensitivity_15,Q45,5
sensitivity_15,Q46,2
sensitivity_15,Q47,3
sensitivity_15,Q48,5
sensitivity_15,Q49,1
sensitivity_15,Q50,5
sensitivity_16,Q01,3
sensitivity_16,Q02,5
sensitivity_16,Q03,5
sensitivity_16,Q04,2
sensitivity_16,Q05,4
sensitivity_16,Q06,3
sensitivity_16,Q07,2
sensitivity_16,Q08,1
sensitivity_16,Q09,5
sensitivity_16,Q10,2
sensitivity_16,Q11,3
sensitivity_16,Q12,3
sensitivity_16,Q13,5
sensitivity_16,Q14,1
sensitivity_16,Q15,5
sensitivity_16,Q16,3
sensitivity_16,Q17,1
sensitivity_16,Q18,1
sensitivity_16,Q19,5
sensitivity_16,Q20,1
sensitivity_16,Q21,3
sensitivity_16,Q22,4
sensitivity_16,Q23,5
sensitivity_16,Q24,1
sensitivity_16,Q25,5
sensitivity_16,Q26,3
sensitivity_16,Q27,2
sensitivity_16,Q28,1
sensitivity_16,Q29,2
sensitivity_16,Q30,1
sensitivity_16,Q31,3
sensitivity_16,Q32,3
sensitivity_16,Q33,5
sensitivity_16,Q34,2
sensitivity_16,Q35,5
sensitivity_16,Q36,4
sensitivity_16,Q37,2
sensitivity_16,Q38,1
sensitivity_16,Q39,1
sensitivity_16,Q40,5
sensitivity_16,Q41,4
sensitivity_16,Q42,3
sensitivity_16,Q43,5
sensitivity_16,Q44,2
sensitivity_16,Q45,4
sensitivity_16,Q46,3
sensitivity_16,Q47,1
sensitivity_16,Q48,5
sensitivity_16,Q49,1
sensitivity_16,Q50,5
sensitivity_17,Q01,2
sensitivity_17,Q02,4
sensitivity_17,Q03,2
sensitivity_17,Q04,5
sensitivity_17,Q05,4
sensitivity_17,Q06,4
sensitivity_17,Q07,3
sensitivity_17,Q08,4
sensitivity_17,Q09,1
sensitivity_17,Q10,3
sensitivity_17,Q11,4
sensitivity_17,Q12,4
sensitivity_17,Q13,1
sensitivity_17,Q14,5
sensitivity_17,Q15,3
sensitivity_17,Q16,3
sensitivity_17,Q17,3
sensitivity_17,Q18,3
sensitivity_17,Q19,1
sensitivity_17,Q20,4
sensitivity_17,Q21,3
sensitivity_17,Q22,2
sensitivity_17,Q23,2
sensitivity_17,Q24,5
sensitivity_17,Q25,2
sensitivity_17,Q26,2
sensitivity_17,Q27,3
sensitivity_17,Q28,4
sensitivity_17,Q29,4
sensitivity_17,Q30,3
sensitivity_17,Q31,3
sensitivity_17,Q32,4
sensitivity_17,Q33,3
sensitivity_17,Q34,5
sensitivity_17,Q35,2
sensitivity_17,Q36,3
sensitivity_17,Q37,3
sensitivity_17,Q38,3
sensitivity_17,Q39,5
sensitivity_17,Q40,3
sensitivity_17,Q41,3
sensitivity_17,Q42,4
sensitivity_17,Q43,2
sensitivity_17,Q44,5
sensitivity_17,Q45,2
sensitivity_17,Q46,3
sensitivity_17,Q47,3
sensitivity_17,Q48,1
sensitivity_17,Q49,5
sensitivity_17,Q50,3
sensitivity_18,Q01,3
sensitivity_18,Q02,3
sensitivity_18,Q03,4
sensitivity_18,Q04,5
sensitivity_18,Q05,3
sensitivity_18,Q06,4
sensitivity_18,Q07,4
sensitivity_18,Q08,4
sensitivity_18,Q09,1
sensitivity_18,Q10,4
sensitivity_18,Q11,2
sensitivity_18,Q12,2
sensitivity_18,Q13,4
sensitivity_18,Q14,5
sensitivity_18,Q15,2
sensitivity_18,Q16,2
sensitivity_18,Q17,4
sensitivity_18,Q18,2
sensitivity_18,Q19,2
sensitivity_18,Q20,4
sensitivity_18,Q21,3
sensitivity_18,Q22,2
sensitivity_18,Q23,3
sensitivity_18,Q24,5
sensitivity_18,Q25,3
sensitivity_18,Q26,3
sensitivity_18,Q27,4
sensitivity_18,Q28,2
sensitivity_18,Q29,5
sensitivity_18,Q30,5
sensitivity_18,Q31,3
sensitivity_18,Q32,1
sensitivity_18,Q33,2
sensitivity_18,Q34,5
sensitivity_18,Q35,2
sensitivity_18,Q36,3
sensitivity_18,Q37,4
sensitivity_18,Q38,3
sensitivity_18,Q39,4
sensitivity_18,Q40,2
sensitivity_18,Q41,4
sensitivity_18,Q42,4
sensitivity_18,Q43,3
sensitivity_18,Q44,5
sensitivity_18,Q45,2
sensitivity_18,Q46,3
sensitivity_18,Q47,4
sensitivity_18,Q48,3
sensitivity_18,Q49,4
sensitivity_18,Q50,2
sensitivity_19,Q01,1
sensitivity_19,Q02,3
sensitivity_19,Q03,5
sensitivity_19,Q04,1
sensitivity_19,Q05,5
sensitivity_19,Q06,5
sensitivity_19,Q07,3
sensitivity_19,Q08,2
sensitivity_19,Q09,5
sensitivity_19,Q10,1
sensitivity_19,Q11,1
sensitivity_19,Q12,3
sensitivity_19,Q13,4
sensitivity_19,Q14,3
sensitivity_19,Q15,5
sensitivity_19,Q16,5
sensitivity_19,Q17,3
sensitivity_19,Q18,1
sensitivity_19,Q19,5
sensitivity_19,Q20,1
sensitivity_19,Q21,1
sensitivity_19,Q22,3
sensitivity_19,Q23,4
sensitivity_19,Q24,2
sensitivity_19,Q25,5
sensitivity_19,Q26,4
sensitivity_19,Q27,3
sensitivity_19,Q28,2
sensitivity_19,Q29,3
sensitivity_19,Q30,1
sensitivity_19,Q31,1
sensitivity_19,Q32,4
sensitivity_19,Q33,4
sensitivity_19,Q34,1
sensitivity_19,Q35,4
sensitivity_19,Q36,5
sensitivity_19,Q37,3
sensitivity_19,Q38,2
sensitivity_19,Q39,1
sensitivity_19,Q40,5
sensitivity_19,Q41,1
sensitivity_19,Q42,2
sensitivity_19,Q43,5
sensitivity_19,Q44,2
sensitivity_19,Q45,5
sensitivity_19,Q46,5
sensitivity_19,Q47,3
sensitivity_19,Q48,5
sensitivity_19,Q49,1
sensitivity_19,Q50,5
sensitivity_20,Q01,2
sensitivity_20,Q02,3
sensitivity_20,Q03,5
sensitivity_20,Q04,5
sensitivity_20,Q05,2
sensitivity_20,Q06,4
sensitivity_20,Q07,2
sensitivity_20,Q08,1
sensitivity_20,Q09,1
sensitivity_20,Q10,4
sensitivity_20,Q11,1
sensitivity_20,Q12,4
sensitivity_20,Q13,5
sensitivity_20,Q14,5
sensitivity_20,Q15,2
sensitivity_20,Q16,5
sensitivity_20,Q17,2
sensitivity_20,Q18,2
sensitivity_20,Q19,1
sensitivity_20,Q20,4
sensitivity_20,Q21,1
sensitivity_20,Q22,4
sensitivity_20,Q23,5
sensitivity_20,Q24,5
sensitivity_20,Q25,2
sensitivity_20,Q26,5
sensitivity_20,Q27,2
sensitivity_20,Q28,2
sensitivity_20,Q29,5
sensitivity_20,Q30,5
sensitivity_20,Q31,1
sensitivity_20,Q32,4
sensitivity_20,Q33,5
sensitivity_20,Q34,5
sensitivity_20,Q35,1
sensitivity_20,Q36,5
sensitivity_20,Q37,3
sensitivity_20,Q38,2
sensitivity_20,Q39,5
sensitivity_20,Q40,1
sensitivity_20,Q41,1
sensitivity_20,Q42,2
sensitivity_20,Q43,5
sensitivity_20,Q44,4
sensitivity_20,Q45,2
sensitivity_20,Q46,5
sensitivity_20,Q47,2
sensitivity_20,Q48,5
sensitivity_20,Q49,4
sensitivity_20,Q50,1
sensitivity_21,Q01,2
sensitivity_21,Q02,2
sensitivity_21,Q03,3
sensitivity_21,Q04,5
sensitivity_21,Q05,4
sensitivity_21,Q06,4
sensitivity_21,Q07,5
sensitivity_21,Q08,4
sensitivity_21,Q09,1
sensitivity_21,Q10,3
sensitivity_21,Q11,1
sensitivity_21,Q12,2
sensitivity_21,Q13,3
sensitivity_21,Q14,5
sensitivity_21,Q15,3
sensitivity_21,Q16,4
sensitivity_21,Q17,5
sensitivity_21,Q18,2
sensitivity_21,Q19,1
sensitivity_21,Q20,3
sensitivity_21,Q21,3
sensitivity_21,Q22,2
sensitivity_21,Q23,3
sensitivity_21,Q24,5
sensitivity_21,Q25,4
sensitivity_21,Q26,3
sensitivity_21,Q27,5
sensitivity_21,Q28,2
sensitivity_21,Q29,5
sensitivity_21,Q30,3
sensitivity_21,Q31,2
sensitivity_21,Q32,3
sensitivity_21,Q33,3
sensitivity_21,Q34,5
sensitivity_21,Q35,4
sensitivity_21,Q36,4
sensitivity_21,Q37,3
sensitivity_21,Q38,3
sensitivity_21,Q39,5
sensitivity_21,Q40,4
sensitivity_21,Q41,1
sensitivity_21,Q42,3
sensitivity_21,Q43,4
sensitivity_21,Q44,5
sensitivity_21,Q45,4
sensitivity_21,Q46,4
sensitivity_21,Q47,4
sensitivity_21,Q48,2
sensitivity_21,Q49,5
sensitivity_21,Q50,3
sensitivity_22,Q01,5
sensitivity_22,Q02,1
sensitivity_22,Q03,4
sensitivity_22,Q04,1
sensitivity_22,Q05,2
sensitivity_22,Q06,1
sensitivity_22,Q07,4
sensitivity_22,Q08,2
sensitivity_22,Q09,3
sensitivity_22,Q10,4
sensitivity_22,Q11,5
sensitivity_22,Q12,2
sensitivity_22,Q13,4
sensitivity_22,Q14,2
sensitivity_22,Q15,2
sensitivity_22,Q16,1
sensitivity_22,Q17,3
sensitivity_22,Q18,2
sensitivity_22,Q19,3
sensitivity_22,Q20,4
sensitivity_22,Q21,5
sensitivity_22,Q22,3
sensitivity_22,Q23,4
sensitivity_22,Q24,2
sensitivity_22,Q25,2
sensitivity_22,Q26,1
sensitivity_22,Q27,4
sensitivity_22,Q28,1
sensitivity_22,Q29,2
sensitivity_22,Q30,4
sensitivity_22,Q31,4
sensitivity_22,Q32,2
sensitivity_22,Q33,4
sensitivity_22,Q34,1
sensitivity_22,Q35,1
sensitivity_22,Q36,1
sensitivity_22,Q37,5
sensitivity_22,Q38,2
sensitivity_22,Q39,2
sensitivity_22,Q40,3
sensitivity_22,Q41,4
sensitivity_22,Q42,5
sensitivity_22,Q43,5
sensitivity_22,Q44,1
sensitivity_22,Q45,2
sensitivity_22,Q46,1
sensitivity_22,Q47,4
sensitivity_22,Q48,4
sensitivity_22,Q49,3
sensitivity_22,Q50,2
sensitivity_23,Q01,1
sensitivity_23,Q02,3
sensitivity_23,Q03,1
sensitivity_23,Q04,3
sensitivity_23,Q05,3
sensitivity_23,Q06,4
sensitivity_23,Q07,4
sensitivity_23,Q08,5
sensitivity_23,Q09,3
sensitivity_23,Q10,3
sensitivity_23,Q11,1
sensitivity_23,Q12,1
sensitivity_23,Q13,1
sensitivity_23,Q14,3
sensitivity_23,Q15,2
sensitivity_23,Q16,5
sensitivity_23,Q17,4
sensitivity_23,Q18,4
sensitivity_23,Q19,3
sensitivity_23,Q20,2
sensitivity_23,Q21,1
sensitivity_23,Q22,2
sensitivity_23,Q23,1
sensitivity_23,Q24,3
sensitivity_23,Q25,3
sensitivity_23,Q26,5
sensitivity_23,Q27,3
sensitivity_23,Q28,5
sensitivity_23,Q29,4
sensitivity_23,Q30,3
sensitivity_23,Q31,1
sensitivity_23,Q32,2
sensitivity_23,Q33,2
sensitivity_23,Q34,2
sensitivity_23,Q35,3
sensitivity_23,Q36,5
sensitivity_23,Q37,4
sensitivity_23,Q38,5
sensitivity_23,Q39,3
sensitivity_23,Q40,3
sensitivity_23,Q41,1
sensitivity_23,Q42,3
sensitivity_23,Q43,2
sensitivity_23,Q44,3
sensitivity_23,Q45,4
sensitivity_23,Q46,5
sensitivity_23,Q47,4
sensitivity_23,Q48,1
sensitivity_23,Q49,3
sensitivity_23,Q50,4
sensitivity_24,Q01,3
sensitivity_24,Q02,3
sensitivity_24,Q03,2
sensitivity_24,Q04,4
sensitivity_24,Q05,5
sensitivity_24,Q06,3
sensitivity_24,Q07,3
sensitivity_24,Q08,5
sensitivity_24,Q09,2
sensitivity_24,Q10,1
sensitivity_24,Q11,4
sensitivity_24,Q12,3
sensitivity_24,Q13,1
sensitivity_24,Q14,4
sensitivity_24,Q15,5
sensitivity_24,Q16,3
sensitivity_24,Q17,3
sensitivity_24,Q18,5
sensitivity_24,Q19,2
sensitivity_24,Q20,2
sensitivity_24,Q21,2
sensitivity_24,Q22,2
sensitivity_24,Q23,1
sensitivity_24,Q24,4
sensitivity_24,Q25,4
sensitivity_24,Q26,3
sensitivity_24,Q27,2
sensitivity_24,Q28,5
sensitivity_24,Q29,4
sensitivity_24,Q30,1
sensitivity_24,Q31,2
sensitivity_24,Q32,3
sensitivity_24,Q33,1
sensitivity_24,Q34,4
sensitivity_24,Q35,5
sensitivity_24,Q36,4
sensitivity_24,Q37,3
sensitivity_24,Q38,5
sensitivity_24,Q39,5
sensitivity_24,Q40,5
sensitivity_24,Q41,4
sensitivity_24,Q42,2
sensitivity_24,Q43,1
sensitivity_24,Q44,4
sensitivity_24,Q45,5
sensitivity_24,Q46,4
sensitivity_24,Q47,3
sensitivity_24,Q48,2
sensitivity_24,Q49,3
sensitivity_24,Q50,5
sensitivity_25,Q01,5
sensitivity_25,Q02,3
sensitivity_25,Q03,4
sensitivity_25,Q04,1
sensitivity_25,Q05,5
sensitivity_25,Q06,1
sensitivity_25,Q07,3
sensitivity_25,Q08,1
sensitivity_25,Q09,4
sensitivity_25,Q10,1
sensitivity_25,Q11,5
sensitivity_25,Q12,3
sensitivity_25,Q13,5
sensitivity_25,Q14,2
sensitivity_25,Q15,5
sensitivity_25,Q16,1
sensitivity_25,Q17,3
sensitivity_25,Q18,2
sensitivity_25,Q19,4
sensitivity_25,Q20,1
sensitivity_25,Q21,5
sensitivity_25,Q22,4
sensitivity_25,Q23,4
sensitivity_25,Q24,2
sensitivity_25,Q25,5
sensitivity_25,Q26,1
sensitivity_25,Q27,4
sensitivity_25,Q28,1
sensitivity_25,Q29,2
sensitivity_25,Q30,1
sensitivity_25,Q31,5
sensitivity_25,Q32,2
sensitivity_25,Q33,5
sensitivity_25,Q34,1
sensitivity_25,Q35,5
sensitivity_25,Q36,1
sensitivity_25,Q37,3
sensitivity_25,Q38,1
sensitivity_25,Q39,2
sensitivity_25,Q40,5
sensitivity_25,Q41,5
sensitivity_25,Q42,3
sensitivity_25,Q43,5
sensitivity_25,Q44,2
sensitivity_25,Q45,5
sensitivity_25,Q46,1
sensitivity_25,Q47,3
sensitivity_25,Q48,5
sensitivity_25,Q49,2
sensitivity_25,Q50,5
sensitivity_26,Q01,1
sensitivity_26,Q02,1
sensitivity_26,Q03,4
sensitivity_26,Q04,1
sensitivity_26,Q05,4
sensitivity_26,Q06,5
sensitivity_26,Q07,5
sensitivity_26,Q08,1
sensitivity_26,Q09,5
sensitivity_26,Q10,3
sensitivity_26,Q11,2
sensitivity_26,Q12,2
sensitivity_26,Q13,5
sensitivity_26,Q14,1
sensitivity_26,Q15,4
sensitivity_26,Q16,4
sensitivity_26,Q17,5
sensitivity_26,Q18,1
sensitivity_26,Q19,5
sensitivity_26,Q20,3
sensitivity_26,Q21,1
sensitivity_26,Q22,1
sensitivity_26,Q23,5
sensitivity_26,Q24,1
sensitivity_26,Q25,4
sensitivity_26,Q26,5
sensitivity_26,Q27,5
sensitivity_26,Q28,1
sensitivity_26,Q29,1
sensitivity_26,Q30,3
sensitivity_26,Q31,2
sensitivity_26,Q32,1
sensitivity_26,Q33,5
sensitivity_26,Q34,2
sensitivity_26,Q35,3
sensitivity_26,Q36,4
sensitivity_26,Q37,5
sensitivity_26,Q38,2
sensitivity_26,Q39,1
sensitivity_26,Q40,5
sensitivity_26,Q41,2
sensitivity_26,Q42,5
sensitivity_26,Q43,5
sensitivity_26,Q44,1
sensitivity_26,Q45,4
sensitivity_26,Q46,4
sensitivity_26,Q47,5
sensitivity_26,Q48,5
sensitivity_26,Q49,1
sensitivity_26,Q50,5
sensitivity_27,Q01,2
sensitivity_27,Q02,4
sensitivity_27,Q03,5
sensitivity_27,Q04,5
sensitivity_27,Q05,3
sensitivity_27,Q06,4
sensitivity_27,Q07,1
sensitivity_27,Q08,3
sensitivity_27,Q09,1
sensitivity_27,Q10,3
sensitivity_27,Q11,2
sensitivity_27,Q12,3
sensitivity_27,Q13,4
sensitivity_27,Q14,5
sensitivity_27,Q15,2
sensitivity_27,Q16,4
sensitivity_27,Q17,3
sensitivity_27,Q18,2
sensitivity_27,Q19,1
sensitivity_27,Q20,3
sensitivity_27,Q21,1
sensitivity_27,Q22,3
sensitivity_27,Q23,4
sensitivity_27,Q24,4
sensitivity_27,Q25,4
sensitivity_27,Q26,4
sensitivity_27,Q27,1
sensitivity_27,Q28,2
sensitivity_27,Q29,5
sensitivity_27,Q30,4
sensitivity_27,Q31,3
sensitivity_27,Q32,4
sensitivity_27,Q33,4
sensitivity_27,Q34,5
sensitivity_27,Q35,3
sensitivity_27,Q36,5
sensitivity_27,Q37,2
sensitivity_27,Q38,2
sensitivity_27,Q39,5
sensitivity_27,Q40,3
sensitivity_27,Q41,2
sensitivity_27,Q42,3
sensitivity_27,Q43,5
sensitivity_27,Q44,5
sensitivity_27,Q45,4
sensitivity_27,Q46,4
sensitivity_27,Q47,2
sensitivity_27,Q48,4
sensitivity_27,Q49,5
sensitivity_27,Q50,4
sensitivity_28,Q01,4
sensitivity_28,Q02,5
sensitivity_28,Q03,5
sensitivity_28,Q04,2
sensitivity_28,Q05,4
sensitivity_28,Q06,3
sensitivity_28,Q07,2
sensitivity_28,Q08,1
sensitivity_28,Q09,3
sensitivity_28,Q10,1
sensitivity_28,Q11,3
sensitivity_28,Q12,4
sensitivity_28,Q13,5
sensitivity_28,Q14,2
sensitivity_28,Q15,4
sensitivity_28,Q16,3
sensitivity_28,Q17,1
sensitivity_28,Q18,1
sensitivity_28,Q19,4
sensitivity_28,Q20,1
sensitivity_28,Q21,4
sensitivity_28,Q22,5
sensitivity_28,Q23,5
sensitivity_28,Q24,2
sensitivity_28,Q25,4
sensitivity_28,Q26,3
sensitivity_28,Q27,1
sensitivity_28,Q28,1
sensitivity_28,Q29,2
sensitivity_28,Q30,2
sensitivity_28,Q31,2
sensitivity_28,Q32,4
sensitivity_28,Q33,5
sensitivity_28,Q34,2
sensitivity_28,Q35,4
sensitivity_28,Q36,3
sensitivity_28,Q37,1
sensitivity_28,Q38,1
sensitivity_28,Q39,2
sensitivity_28,Q40,4
sensitivity_28,Q41,3
sensitivity_28,Q42,1
sensitivity_28,Q43,5
sensitivity_28,Q44,2
sensitivity_28,Q45,3
sensitivity_28,Q46,3
sensitivity_28,Q47,1
sensitivity_28,Q48,5
sensitivity_28,Q49,3
sensitivity_28,Q50,5
sensitivity_29,Q01,2
sensitivity_29,Q02,3
sensitivity_29,Q03,1
sensitivity_29,Q04,2
sensitivity_29,Q05,1
sensitivity_29,Q06,3
sensitivity_29,Q07,3
sensitivity_29,Q08,4
sensitivity_29,Q09,5
sensitivity_29,Q10,5
sensitivity_29,Q11,1
sensitivity_29,Q12,3
sensitivity_29,Q13,2
sensitivity_29,Q14,1
sensitivity_29,Q15,1
sensitivity_29,Q16,5
sensitivity_29,Q17,3
sensitivity_29,Q18,3
sensitivity_29,Q19,4
sensitivity_29,Q20,5
sensitivity_29,Q21,1
sensitivity_29,Q22,2
sensitivity_29,Q23,2
sensitivity_29,Q24,1
sensitivity_29,Q25,1
sensitivity_29,Q26,4
sensitivity_29,Q27,3
sensitivity_29,Q28,4
sensitivity_29,Q29,1
sensitivity_29,Q30,5
sensitivity_29,Q31,2
sensitivity_29,Q32,4
sensitivity_29,Q33,1
sensitivity_29,Q34,1
sensitivity_29,Q35,1
sensitivity_29,Q36,4
sensitivity_29,Q37,4
sensitivity_29,Q38,5
sensitivity_29,Q39,2
sensitivity_29,Q40,1
sensitivity_29,Q41,2
sensitivity_29,Q42,3
sensitivity_29,Q43,2
sensitivity_29,Q44,1
sensitivity_29,Q45,1
sensitivity_29,Q46,4
sensitivity_29,Q47,3
sensitivity_29,Q48,2
sensitivity_29,Q49,2
sensitivity_29,Q50,1
sensitivity_30,Q01,3
sensitivity_30,Q02,5
sensitivity_30,Q03,4
sensitivity_30,Q04,1
sensitivity_30,Q05,1
sensitivity_30,Q06,3
sensitivity_30,Q07,1
sensitivity_30,Q08,1
sensitivity_30,Q09,5
sensitivity_30,Q10,5
sensitivity_30,Q11,4
sensitivity_30,Q12,5
sensitivity_30,Q13,5
sensitivity_30,Q14,1
sensitivity_30,Q15,1
sensitivity_30,Q16,3
sensitivity_30,Q17,1
sensitivity_30,Q18,2
sensitivity_30,Q19,5
sensitivity_30,Q20,5
sensitivity_30,Q21,3
sensitivity_30,Q22,4
sensitivity_30,Q23,5
sensitivity_30,Q24,1
sensitivity_30,Q25,1
sensitivity_30,Q26,2
sensitivity_30,Q27,1
sensitivity_30,Q28,1
sensitivity_30,Q29,1
sensitivity_30,Q30,5
sensitivity_30,Q31,3
sensitivity_30,Q32,5
sensitivity_30,Q33,5
sensitivity_30,Q34,1
sensitivity_30,Q35,1
sensitivity_30,Q36,2
sensitivity_30,Q37,1
sensitivity_30,Q38,1
sensitivity_30,Q39,1
sensitivity_30,Q40,1
sensitivity_30,Q41,3
sensitivity_30,Q42,1
sensitivity_30,Q43,5
sensitivity_30,Q44,1
sensitivity_30,Q45,1
sensitivity_30,Q46,3
sensitivity_30,Q47,1
sensitivity_30,Q48,5
sensitivity_30,Q49,2
sensitivity_30,Q50,1
