encoding,query_interests,candidate_interests,seeds,measured_share,measured_share_sd,measured_cosine,expected_share,expected_cosine
without_normalization,1,1,20,0.25000,0.00000,0.99990,0.25000,1.00000
without_normalization,1,2,20,0.24997,0.00034,0.89429,0.25000,0.89443
without_normalization,1,3,20,0.25002,0.00053,0.81638,0.25000,0.81650
without_normalization,2,1,20,0.24997,0.00034,0.89429,0.25000,0.89443
without_normalization,2,2,20,0.39995,0.00043,0.99985,0.40000,1.00000
without_normalization,2,3,20,0.39999,0.00062,0.91275,0.40000,0.91287
without_normalization,3,1,20,0.25002,0.00053,0.81638,0.25000,0.81650
without_normalization,3,2,20,0.39999,0.00062,0.91275,0.40000,0.91287
without_normalization,3,3,20,0.50001,0.00063,0.99989,0.50000,1.00000
with_normalization,1,1,20,0.25000,0.00000,0.99990,0.25000,1.00000
with_normalization,1,2,20,0.19073,0.00014,0.92659,0.19074,0.92678
with_normalization,1,3,20,0.16139,0.00024,0.89417,0.16139,0.89434
with_normalization,2,1,20,0.19073,0.00014,0.92659,0.19074,0.92678
with_normalization,2,2,20,0.25000,0.00000,0.99977,0.25000,1.00000
with_normalization,2,3,20,0.21394,0.00011,0.95390,0.21394,0.95412
with_normalization,3,1,20,0.16139,0.00024,0.89417,0.16139,0.89434
with_normalization,3,2,20,0.21394,0.00011,0.95390,0.21394,0.95412
with_normalization,3,3,20,0.25000,0.00000,0.99978,0.25000,1.00000
