rate,density,property,level,u,m_known,m_em,m_assumed,weight_known,weight_em,weight_u_only,em_block,em_match_share,em_pairs
0.10000,1.00000,age,same,0.09953,0.89887,0.79626,0.90000,2.20070,2.07948,2.20195,same_region,0.00274,100168
0.10000,1.00000,age,one_apart,0.16073,0.02014,0.02508,0.01785,-2.07692,-1.85758,-2.19775,same_region,0.00274,100168
0.10000,1.00000,age,further,0.73974,0.08098,0.17866,0.08215,-2.21206,-1.42082,-2.19775,same_region,0.00274,100168
0.10000,1.00000,job,agree,0.12500,0.89857,0.87746,0.90000,1.97249,1.94871,1.97408,same_region,0.00274,100168
0.10000,1.00000,job,disagree,0.87500,0.10143,0.12254,0.10000,-2.15484,-1.96577,-2.16905,same_region,0.00274,100168
0.10000,1.00000,region,agree,0.20000,0.90464,0.47254,0.90000,1.50922,0.85981,1.50408,same_job,0.00078,100156
0.10000,1.00000,region,disagree,0.80000,0.09536,0.52746,0.10000,-2.12694,-0.41654,-2.07944,same_job,0.00078,100156
0.10000,1.00000,interests,all,0.00599,0.75205,0.56895,0.90000,4.83303,4.55403,5.01262,same_region,0.00274,100168
0.10000,1.00000,interests,some,0.29548,0.24212,0.19577,0.02973,-0.19915,-0.41167,-2.29658,same_region,0.00274,100168
0.10000,1.00000,interests,none,0.69853,0.00583,0.23528,0.07027,-4.78580,-1.08821,-2.29658,same_region,0.00274,100168
0.10000,0.01000,age,same,0.09959,0.89887,0.92405,0.90000,2.20013,2.22775,2.20138,same_region,0.00207,100168
0.10000,0.01000,age,one_apart,0.16091,0.02014,0.02906,0.01787,-2.07807,-1.71159,-2.19768,same_region,0.00207,100168
0.10000,0.01000,age,further,0.73950,0.08098,0.04689,0.08213,-2.21173,-2.75820,-2.19769,same_region,0.00207,100168
0.10000,0.01000,job,agree,0.12500,0.89857,0.86177,0.90000,1.97249,1.93067,1.97408,same_region,0.00207,100168
0.10000,0.01000,job,disagree,0.87500,0.10143,0.13823,0.10000,-2.15484,-1.84530,-2.16905,same_region,0.00207,100168
0.10000,0.01000,region,agree,0.20000,0.90464,0.73756,0.90000,1.50922,1.30503,1.50408,same_job,0.00493,100156
0.10000,0.01000,region,disagree,0.80000,0.09536,0.26244,0.10000,-2.12694,-1.11460,-2.07944,same_job,0.00493,100156
0.10000,0.01000,interests,all,0.00688,0.75205,0.60442,0.90000,4.69423,4.47570,4.87383,same_region,0.00207,100168
0.10000,0.01000,interests,some,0.29148,0.24212,0.28353,0.02935,-0.18552,-0.02763,-2.29568,same_region,0.00207,100168
0.10000,0.01000,interests,none,0.70164,0.00583,0.11205,0.07065,-4.79024,-1.83448,-2.29568,same_region,0.00207,100168
0.30000,1.00000,age,same,0.09934,0.90073,0.51492,0.90000,2.20468,1.64549,2.20387,same_region,0.00391,100136
0.30000,1.00000,age,one_apart,0.16090,0.02012,0.15295,0.01786,-2.07919,-0.05068,-2.19796,same_region,0.00391,100136
0.30000,1.00000,age,further,0.73976,0.07915,0.33213,0.08214,-2.23495,-0.80080,-2.19796,same_region,0.00391,100136
0.30000,1.00000,job,agree,0.12500,0.89717,0.50660,0.90000,1.97092,1.39941,1.97408,same_region,0.00391,100136
0.30000,1.00000,job,disagree,0.87500,0.10283,0.49340,0.10000,-2.14112,-0.57291,-2.16905,same_region,0.00391,100136
0.30000,1.00000,region,agree,0.20000,0.90740,0.43563,0.90000,1.51226,0.77848,1.50408,same_job,0.00050,100124
0.30000,1.00000,region,disagree,0.80000,0.09260,0.56437,0.10000,-2.15632,-0.34891,-2.07944,same_job,0.00050,100124
0.30000,1.00000,interests,all,0.02726,0.79804,0.67513,0.90000,3.37656,3.20930,3.49679,same_region,0.00391,100136
0.30000,1.00000,interests,some,0.21589,0.17999,0.20227,0.02219,-0.18182,-0.06514,-2.27494,same_region,0.00391,100136
0.30000,1.00000,interests,none,0.75685,0.02196,0.12260,0.07781,-3.53980,-1.82025,-2.27494,same_region,0.00391,100136
0.30000,0.01000,age,same,0.10038,0.90073,0.67063,0.90000,2.19424,1.89925,2.19343,same_region,0.00259,100136
0.30000,0.01000,age,one_apart,0.15843,0.02012,0.09764,0.01761,-2.06375,-0.48407,-2.19680,same_region,0.00259,100136
0.30000,0.01000,age,further,0.74119,0.07915,0.23174,0.08239,-2.23687,-1.16265,-2.19680,same_region,0.00259,100136
0.30000,0.01000,job,agree,0.12500,0.89717,0.69701,0.90000,1.97092,1.71848,1.97408,same_region,0.00259,100136
0.30000,0.01000,job,disagree,0.87500,0.10283,0.30299,0.10000,-2.14112,-1.06052,-2.16905,same_region,0.00259,100136
0.30000,0.01000,region,agree,0.20000,0.90740,0.61575,0.90000,1.51226,1.12453,1.50408,same_job,0.00199,100124
0.30000,0.01000,region,disagree,0.80000,0.09260,0.38425,0.10000,-2.15632,-0.73332,-2.07944,same_job,0.00199,100124
0.30000,0.01000,interests,all,0.02740,0.79804,0.54258,0.90000,3.37147,2.98565,3.49170,same_region,0.00259,100136
0.30000,0.01000,interests,some,0.21800,0.17999,0.25116,0.02241,-0.19156,0.14160,-2.27480,same_region,0.00259,100136
0.30000,0.01000,interests,none,0.75460,0.02196,0.20626,0.07759,-3.53682,-1.29705,-2.27480,same_region,0.00259,100136
0.50000,1.00000,age,same,0.10255,0.90335,0.14193,0.90000,2.17576,0.32498,2.17205,same_region,0.00440,100091
0.50000,1.00000,age,one_apart,0.15655,0.01661,0.37647,0.01744,-2.24336,0.87744,-2.19439,same_region,0.00440,100091
0.50000,1.00000,age,further,0.74090,0.08004,0.48160,0.08256,-2.22531,-0.43075,-2.19439,same_region,0.00440,100091
0.50000,1.00000,job,agree,0.12500,0.90235,0.47886,0.90000,1.97668,1.34310,1.97408,same_region,0.00440,100091
0.50000,1.00000,job,disagree,0.87500,0.09765,0.52114,0.10000,-2.19283,-0.51821,-2.16905,same_region,0.00440,100091
0.50000,1.00000,region,agree,0.20000,0.90748,0.43066,0.90000,1.51235,0.76701,1.50407,same_job,0.00060,100089
0.50000,1.00000,region,disagree,0.80000,0.09252,0.56934,0.10000,-2.15715,-0.34014,-2.07944,same_job,0.00060,100089
0.50000,1.00000,interests,all,0.05711,0.83567,0.31342,0.90000,2.68329,1.70260,2.75745,same_region,0.00440,100091
0.50000,1.00000,interests,some,0.13954,0.11468,0.53495,0.01480,-0.19621,1.34383,-2.24378,same_region,0.00440,100091
0.50000,1.00000,interests,none,0.80335,0.04965,0.15163,0.08520,-2.78372,-1.66737,-2.24378,same_region,0.00440,100091
0.50000,0.01000,age,same,0.10185,0.90335,0.44752,0.90000,2.18260,1.48020,2.17888,same_region,0.00307,100091
0.50000,0.01000,age,one_apart,0.15908,0.01661,0.19485,0.01771,-2.25937,0.20279,-2.19517,same_region,0.00307,100091
0.50000,0.01000,age,further,0.73907,0.08004,0.35764,0.08229,-2.22284,-0.72587,-2.19517,same_region,0.00307,100091
0.50000,0.01000,job,agree,0.12500,0.90235,0.84500,0.90000,1.97668,1.91102,1.97408,same_region,0.00307,100091
0.50000,0.01000,job,disagree,0.87500,0.09765,0.15500,0.10000,-2.19283,-1.73082,-2.16905,same_region,0.00307,100091
0.50000,0.01000,region,agree,0.20000,0.90748,0.74682,0.90000,1.51235,1.31750,1.50407,same_job,0.00452,100089
0.50000,0.01000,region,disagree,0.80000,0.09252,0.25318,0.10000,-2.15715,-1.15049,-2.07944,same_job,0.00452,100089
0.50000,0.01000,interests,all,0.05516,0.83567,0.49916,0.90000,2.71801,2.20272,2.79218,same_region,0.00307,100091
0.50000,0.01000,interests,some,0.14311,0.11468,0.07052,0.01515,-0.22149,-0.70777,-2.24585,same_region,0.00307,100091
0.50000,0.01000,interests,none,0.80173,0.04965,0.43032,0.08485,-2.78170,-0.62225,-2.24585,same_region,0.00307,100091
