index,metric,nprobes,refine_factor,recall_at_10,queries_with_any_miss,precision_at_10,mean_abs_score_error,max_abs_score_error,median_latency_ms,flat_precision_at_10,exact_policy_precision_at_10
unit_cosine_rq,cosine,10,,0.10650,0.99250,0.14850,0.15510,0.34353,1.65242,0.57925,0.57823
unit_cosine_rq,cosine,10,10,0.11600,0.95750,0.14350,0.00001,0.00006,2.60504,0.57925,0.57823
unit_cosine_rq,cosine,10,50,0.11900,0.95750,0.15050,0.00001,0.00006,5.09200,0.57925,0.57823
unit_cosine_rq,cosine,10,200,0.27450,0.92000,0.29400,0.00001,0.00006,12.83196,0.57925,0.57823
unit_cosine_rq,cosine,20,,0.10650,0.99250,0.14875,0.15436,0.33276,1.68742,0.57925,0.57823
unit_cosine_rq,cosine,20,10,0.11600,0.95750,0.14375,0.00001,0.00006,2.46350,0.57925,0.57823
unit_cosine_rq,cosine,20,50,0.11600,0.95750,0.14625,0.00001,0.00006,4.66638,0.57925,0.57823
unit_cosine_rq,cosine,20,200,0.16175,0.95750,0.20300,0.00001,0.00006,12.72408,0.57925,0.57823
unit_cosine_rq,cosine,50,,0.10725,0.99250,0.14975,0.15389,0.33276,2.12913,0.57925,0.57823
unit_cosine_rq,cosine,50,10,0.11675,0.95500,0.14475,0.00001,0.00006,2.93296,0.57925,0.57823
unit_cosine_rq,cosine,50,50,0.11675,0.95500,0.14475,0.00001,0.00006,5.10763,0.57925,0.57823
unit_cosine_rq,cosine,50,200,0.11775,0.95500,0.15025,0.00001,0.00006,13.30792,0.57925,0.57823
unit_cosine_rq,cosine,100,,0.10725,0.99250,0.14975,0.15385,0.33276,2.84950,0.57925,0.57823
unit_cosine_rq,cosine,100,10,0.11675,0.95500,0.14475,0.00001,0.00006,3.69383,0.57925,0.57823
unit_cosine_rq,cosine,100,50,0.11675,0.95500,0.14475,0.00001,0.00006,5.94550,0.57925,0.57823
unit_cosine_rq,cosine,100,200,0.11675,0.95500,0.14675,0.00001,0.00006,13.99483,0.57925,0.57823
