rate,density,pool_size,scorer,recall_at_1,recall_at_10,mrr,average_precision_top1,random_recall_at_10
0.10000,1.00000,920000,cosine,0.28192,0.39008,0.31906,0.97611,0.00001
0.10000,1.00000,920000,fs_known,0.04301,0.36883,0.13144,0.04225,0.00001
0.10000,1.00000,920000,fs_em,0.04301,0.36897,0.12851,0.04225,0.00001
0.10000,1.00000,920000,fs_u_only,0.04301,0.36883,0.13128,0.04225,0.00001
0.10000,1.00000,920000,fs_linear,0.27632,0.42333,0.31983,0.98945,0.00001
0.10000,1.00000,920000,cosine_weighted,0.30167,0.47619,0.34882,0.97409,0.00001
0.10000,0.01000,9795,cosine,0.49771,0.67842,0.56399,0.91024,0.00102
0.10000,0.01000,9795,fs_known,0.56187,0.81799,0.64810,0.83044,0.00102
0.10000,0.01000,9795,fs_em,0.55260,0.80747,0.63768,0.83295,0.00102
0.10000,0.01000,9795,fs_u_only,0.56000,0.73654,0.63340,0.83793,0.00102
0.10000,0.01000,9795,fs_linear,0.56250,0.81058,0.64692,0.92005,0.00102
0.10000,0.01000,9795,cosine_weighted,0.62375,0.84312,0.69166,0.93443,0.00102
0.30000,1.00000,920000,cosine,0.09246,0.14440,0.11567,0.86250,0.00001
0.30000,1.00000,920000,fs_known,0.00824,0.08240,0.03375,0.00891,0.00001
0.30000,1.00000,920000,fs_em,0.00824,0.08240,0.03306,0.00891,0.00001
0.30000,1.00000,920000,fs_u_only,0.00824,0.08240,0.03368,0.00891,0.00001
0.30000,1.00000,920000,fs_linear,0.09121,0.16440,0.12351,0.86837,0.00001
0.30000,1.00000,920000,cosine_weighted,0.09213,0.20487,0.13337,0.87495,0.00001
0.30000,0.01000,9795,cosine,0.25625,0.48792,0.33333,0.73204,0.00102
0.30000,0.01000,9795,fs_known,0.25946,0.62555,0.38286,0.40234,0.00102
0.30000,0.01000,9795,fs_em,0.25217,0.60325,0.36995,0.40525,0.00102
0.30000,0.01000,9795,fs_u_only,0.25996,0.60219,0.37839,0.40208,0.00102
0.30000,0.01000,9795,fs_linear,0.33375,0.56500,0.42508,0.72866,0.00102
0.30000,0.01000,9795,cosine_weighted,0.35875,0.60875,0.44908,0.77449,0.00102
0.50000,1.00000,920000,cosine,0.02708,0.06235,0.03954,0.32245,0.00001
0.50000,1.00000,920000,fs_known,0.00621,0.05908,0.02182,0.01068,0.00001
0.50000,1.00000,920000,fs_em,0.00000,0.00000,0.00154,0.00000,0.00001
0.50000,1.00000,920000,fs_u_only,0.00621,0.05908,0.02182,0.01068,0.00001
0.50000,1.00000,920000,fs_linear,0.02708,0.06971,0.04341,0.32245,0.00001
0.50000,1.00000,920000,cosine_weighted,0.02833,0.07070,0.04451,0.30201,0.00001
0.50000,0.01000,9795,cosine,0.08083,0.27358,0.14610,0.51576,0.00102
0.50000,0.01000,9795,fs_known,0.11404,0.38484,0.20845,0.24033,0.00102
0.50000,0.01000,9795,fs_em,0.09925,0.34109,0.18507,0.24322,0.00102
0.50000,0.01000,9795,fs_u_only,0.11404,0.38338,0.20774,0.24033,0.00102
0.50000,0.01000,9795,fs_linear,0.13833,0.33058,0.20957,0.40621,0.00102
0.50000,0.01000,9795,cosine_weighted,0.15417,0.35458,0.23038,0.45813,0.00102
