slope,precision_at_10,rate,density,panel
0.00000,0.67978,0.10000,1.00000,calibration
0.10000,0.67978,0.10000,1.00000,calibration
0.20000,0.67978,0.10000,1.00000,calibration
0.30000,0.67978,0.10000,1.00000,calibration
0.40000,0.67978,0.10000,1.00000,calibration
0.50000,0.67978,0.10000,1.00000,calibration
0.60000,0.67978,0.10000,1.00000,calibration
0.70000,0.67978,0.10000,1.00000,calibration
0.80000,0.67978,0.10000,1.00000,calibration
0.90000,0.67978,0.10000,1.00000,calibration
1.00000,0.67978,0.10000,1.00000,calibration
1.10000,0.67978,0.10000,1.00000,calibration
1.20000,0.67978,0.10000,1.00000,calibration
1.30000,0.67978,0.10000,1.00000,calibration
1.40000,0.64880,0.10000,1.00000,calibration
1.50000,0.63563,0.10000,1.00000,calibration
1.60000,0.44635,0.10000,1.00000,calibration
0.00000,0.69258,0.10000,1.00000,evaluation
0.10000,0.69258,0.10000,1.00000,evaluation
0.20000,0.69258,0.10000,1.00000,evaluation
0.30000,0.69258,0.10000,1.00000,evaluation
0.40000,0.69258,0.10000,1.00000,evaluation
0.50000,0.69258,0.10000,1.00000,evaluation
0.60000,0.69258,0.10000,1.00000,evaluation
0.70000,0.69258,0.10000,1.00000,evaluation
0.80000,0.69258,0.10000,1.00000,evaluation
0.90000,0.69258,0.10000,1.00000,evaluation
1.00000,0.69258,0.10000,1.00000,evaluation
1.10000,0.69258,0.10000,1.00000,evaluation
1.20000,0.69258,0.10000,1.00000,evaluation
1.30000,0.69258,0.10000,1.00000,evaluation
1.40000,0.65718,0.10000,1.00000,evaluation
1.50000,0.64489,0.10000,1.00000,evaluation
1.60000,0.46097,0.10000,1.00000,evaluation
0.00000,0.79182,0.10000,0.10000,calibration
0.10000,0.79182,0.10000,0.10000,calibration
0.20000,0.79182,0.10000,0.10000,calibration
0.30000,0.79182,0.10000,0.10000,calibration
0.40000,0.79182,0.10000,0.10000,calibration
0.50000,0.79182,0.10000,0.10000,calibration
0.60000,0.79182,0.10000,0.10000,calibration
0.70000,0.79182,0.10000,0.10000,calibration
0.80000,0.79182,0.10000,0.10000,calibration
0.90000,0.79270,0.10000,0.10000,calibration
1.00000,0.79420,0.10000,0.10000,calibration
1.10000,0.79445,0.10000,0.10000,calibration
1.20000,0.78689,0.10000,0.10000,calibration
1.30000,0.78748,0.10000,0.10000,calibration
1.40000,0.78754,0.10000,0.10000,calibration
1.50000,0.75922,0.10000,0.10000,calibration
1.60000,0.67542,0.10000,0.10000,calibration
0.00000,0.79412,0.10000,0.10000,evaluation
0.10000,0.79412,0.10000,0.10000,evaluation
0.20000,0.79412,0.10000,0.10000,evaluation
0.30000,0.79412,0.10000,0.10000,evaluation
0.40000,0.79412,0.10000,0.10000,evaluation
0.50000,0.79412,0.10000,0.10000,evaluation
0.60000,0.79412,0.10000,0.10000,evaluation
0.70000,0.79412,0.10000,0.10000,evaluation
0.80000,0.79412,0.10000,0.10000,evaluation
0.90000,0.79502,0.10000,0.10000,evaluation
1.00000,0.79727,0.10000,0.10000,evaluation
1.10000,0.79810,0.10000,0.10000,evaluation
1.20000,0.78854,0.10000,0.10000,evaluation
1.30000,0.78991,0.10000,0.10000,evaluation
1.40000,0.79107,0.10000,0.10000,evaluation
1.50000,0.76233,0.10000,0.10000,evaluation
1.60000,0.66785,0.10000,0.10000,evaluation
0.00000,0.85014,0.10000,0.01000,calibration
0.10000,0.85014,0.10000,0.01000,calibration
0.20000,0.85014,0.10000,0.01000,calibration
0.30000,0.85164,0.10000,0.01000,calibration
0.40000,0.85164,0.10000,0.01000,calibration
0.50000,0.85164,0.10000,0.01000,calibration
0.60000,0.85814,0.10000,0.01000,calibration
0.70000,0.86172,0.10000,0.01000,calibration
0.80000,0.86122,0.10000,0.01000,calibration
0.90000,0.86122,0.10000,0.01000,calibration
1.00000,0.86447,0.10000,0.01000,calibration
1.10000,0.86482,0.10000,0.01000,calibration
1.20000,0.86232,0.10000,0.01000,calibration
1.30000,0.85969,0.10000,0.01000,calibration
1.40000,0.85523,0.10000,0.01000,calibration
1.50000,0.85105,0.10000,0.01000,calibration
1.60000,0.79667,0.10000,0.01000,calibration
0.00000,0.84581,0.10000,0.01000,evaluation
0.10000,0.84581,0.10000,0.01000,evaluation
0.20000,0.84581,0.10000,0.01000,evaluation
0.30000,0.84731,0.10000,0.01000,evaluation
0.40000,0.84731,0.10000,0.01000,evaluation
0.50000,0.84831,0.10000,0.01000,evaluation
0.60000,0.85356,0.10000,0.01000,evaluation
0.70000,0.85848,0.10000,0.01000,evaluation
0.80000,0.85823,0.10000,0.01000,evaluation
0.90000,0.85923,0.10000,0.01000,evaluation
1.00000,0.86048,0.10000,0.01000,evaluation
1.10000,0.86202,0.10000,0.01000,evaluation
1.20000,0.85790,0.10000,0.01000,evaluation
1.30000,0.85815,0.10000,0.01000,evaluation
1.40000,0.85181,0.10000,0.01000,evaluation
1.50000,0.85121,0.10000,0.01000,evaluation
1.60000,0.80387,0.10000,0.01000,evaluation
0.00000,0.55788,0.30000,1.00000,calibration
0.10000,0.55788,0.30000,1.00000,calibration
0.20000,0.55788,0.30000,1.00000,calibration
0.30000,0.55788,0.30000,1.00000,calibration
0.40000,0.55788,0.30000,1.00000,calibration
0.50000,0.55788,0.30000,1.00000,calibration
0.60000,0.55788,0.30000,1.00000,calibration
0.70000,0.55788,0.30000,1.00000,calibration
0.80000,0.55788,0.30000,1.00000,calibration
0.90000,0.55788,0.30000,1.00000,calibration
1.00000,0.55788,0.30000,1.00000,calibration
1.10000,0.55788,0.30000,1.00000,calibration
1.20000,0.55788,0.30000,1.00000,calibration
1.30000,0.55828,0.30000,1.00000,calibration
1.40000,0.55828,0.30000,1.00000,calibration
1.50000,0.40915,0.30000,1.00000,calibration
1.60000,0.02813,0.30000,1.00000,calibration
0.00000,0.57823,0.30000,1.00000,evaluation
0.10000,0.57823,0.30000,1.00000,evaluation
0.20000,0.57823,0.30000,1.00000,evaluation
0.30000,0.57823,0.30000,1.00000,evaluation
0.40000,0.57823,0.30000,1.00000,evaluation
0.50000,0.57823,0.30000,1.00000,evaluation
0.60000,0.57823,0.30000,1.00000,evaluation
0.70000,0.57823,0.30000,1.00000,evaluation
0.80000,0.57823,0.30000,1.00000,evaluation
0.90000,0.57823,0.30000,1.00000,evaluation
1.00000,0.57823,0.30000,1.00000,evaluation
1.10000,0.57823,0.30000,1.00000,evaluation
1.20000,0.57823,0.30000,1.00000,evaluation
1.30000,0.57782,0.30000,1.00000,evaluation
1.40000,0.57782,0.30000,1.00000,evaluation
1.50000,0.41975,0.30000,1.00000,evaluation
1.60000,0.02804,0.30000,1.00000,evaluation
0.00000,0.35465,0.30000,0.10000,calibration
0.10000,0.35465,0.30000,0.10000,calibration
0.20000,0.35465,0.30000,0.10000,calibration
0.30000,0.35465,0.30000,0.10000,calibration
0.40000,0.35465,0.30000,0.10000,calibration
0.50000,0.35465,0.30000,0.10000,calibration
0.60000,0.35465,0.30000,0.10000,calibration
0.70000,0.35465,0.30000,0.10000,calibration
0.80000,0.35465,0.30000,0.10000,calibration
0.90000,0.35870,0.30000,0.10000,calibration
1.00000,0.36173,0.30000,0.10000,calibration
1.10000,0.36001,0.30000,0.10000,calibration
1.20000,0.34740,0.30000,0.10000,calibration
1.30000,0.33929,0.30000,0.10000,calibration
1.40000,0.33997,0.30000,0.10000,calibration
1.50000,0.29964,0.30000,0.10000,calibration
1.60000,0.01254,0.30000,0.10000,calibration
0.00000,0.35148,0.30000,0.10000,evaluation
0.10000,0.35148,0.30000,0.10000,evaluation
0.20000,0.35148,0.30000,0.10000,evaluation
0.30000,0.35148,0.30000,0.10000,evaluation
0.40000,0.35148,0.30000,0.10000,evaluation
0.50000,0.35148,0.30000,0.10000,evaluation
0.60000,0.35148,0.30000,0.10000,evaluation
0.70000,0.35148,0.30000,0.10000,evaluation
0.80000,0.35198,0.30000,0.10000,evaluation
0.90000,0.35345,0.30000,0.10000,evaluation
1.00000,0.35581,0.30000,0.10000,evaluation
1.10000,0.35677,0.30000,0.10000,evaluation
1.20000,0.34088,0.30000,0.10000,evaluation
1.30000,0.33173,0.30000,0.10000,evaluation
1.40000,0.33317,0.30000,0.10000,evaluation
1.50000,0.29527,0.30000,0.10000,evaluation
1.60000,0.01173,0.30000,0.10000,evaluation
0.00000,0.38446,0.30000,0.01000,calibration
0.10000,0.38852,0.30000,0.01000,calibration
0.20000,0.39093,0.30000,0.01000,calibration
0.30000,0.39629,0.30000,0.01000,calibration
0.40000,0.39804,0.30000,0.01000,calibration
0.50000,0.41439,0.30000,0.01000,calibration
0.60000,0.41946,0.30000,0.01000,calibration
0.70000,0.42184,0.30000,0.01000,calibration
0.80000,0.42348,0.30000,0.01000,calibration
0.90000,0.43064,0.30000,0.01000,calibration
1.00000,0.43701,0.30000,0.01000,calibration
1.10000,0.44448,0.30000,0.01000,calibration
1.20000,0.44834,0.30000,0.01000,calibration
1.30000,0.44724,0.30000,0.01000,calibration
1.40000,0.43910,0.30000,0.01000,calibration
1.50000,0.28152,0.30000,0.01000,calibration
1.60000,0.09819,0.30000,0.01000,calibration
0.00000,0.37839,0.30000,0.01000,evaluation
0.10000,0.38430,0.30000,0.01000,evaluation
0.20000,0.38592,0.30000,0.01000,evaluation
0.30000,0.39226,0.30000,0.01000,evaluation
0.40000,0.39334,0.30000,0.01000,evaluation
0.50000,0.40557,0.30000,0.01000,evaluation
0.60000,0.40661,0.30000,0.01000,evaluation
0.70000,0.41127,0.30000,0.01000,evaluation
0.80000,0.41320,0.30000,0.01000,evaluation
0.90000,0.42192,0.30000,0.01000,evaluation
1.00000,0.42779,0.30000,0.01000,evaluation
1.10000,0.43407,0.30000,0.01000,evaluation
1.20000,0.43681,0.30000,0.01000,evaluation
1.30000,0.43952,0.30000,0.01000,evaluation
1.40000,0.43307,0.30000,0.01000,evaluation
1.50000,0.28202,0.30000,0.01000,evaluation
1.60000,0.10680,0.30000,0.01000,evaluation
0.00000,0.29819,0.50000,1.00000,calibration
0.10000,0.29819,0.50000,1.00000,calibration
0.20000,0.29819,0.50000,1.00000,calibration
0.30000,0.29819,0.50000,1.00000,calibration
0.40000,0.29819,0.50000,1.00000,calibration
0.50000,0.29819,0.50000,1.00000,calibration
0.60000,0.29819,0.50000,1.00000,calibration
0.70000,0.29819,0.50000,1.00000,calibration
0.80000,0.29819,0.50000,1.00000,calibration
0.90000,0.29819,0.50000,1.00000,calibration
1.00000,0.29819,0.50000,1.00000,calibration
1.10000,0.29821,0.50000,1.00000,calibration
1.20000,0.29821,0.50000,1.00000,calibration
1.30000,0.23931,0.50000,1.00000,calibration
1.40000,0.23847,0.50000,1.00000,calibration
1.50000,0.23847,0.50000,1.00000,calibration
1.60000,0.14280,0.50000,1.00000,calibration
0.00000,0.30884,0.50000,1.00000,evaluation
0.10000,0.30884,0.50000,1.00000,evaluation
0.20000,0.30884,0.50000,1.00000,evaluation
0.30000,0.30884,0.50000,1.00000,evaluation
0.40000,0.30884,0.50000,1.00000,evaluation
0.50000,0.30884,0.50000,1.00000,evaluation
0.60000,0.30884,0.50000,1.00000,evaluation
0.70000,0.30884,0.50000,1.00000,evaluation
0.80000,0.30884,0.50000,1.00000,evaluation
0.90000,0.30884,0.50000,1.00000,evaluation
1.00000,0.30884,0.50000,1.00000,evaluation
1.10000,0.30884,0.50000,1.00000,evaluation
1.20000,0.30884,0.50000,1.00000,evaluation
1.30000,0.24871,0.50000,1.00000,evaluation
1.40000,0.24937,0.50000,1.00000,evaluation
1.50000,0.24937,0.50000,1.00000,evaluation
1.60000,0.13923,0.50000,1.00000,evaluation
0.00000,0.13498,0.50000,0.10000,calibration
0.10000,0.13498,0.50000,0.10000,calibration
0.20000,0.13498,0.50000,0.10000,calibration
0.30000,0.13510,0.50000,0.10000,calibration
0.40000,0.13560,0.50000,0.10000,calibration
0.50000,0.13729,0.50000,0.10000,calibration
0.60000,0.13729,0.50000,0.10000,calibration
0.70000,0.13790,0.50000,0.10000,calibration
0.80000,0.14078,0.50000,0.10000,calibration
0.90000,0.13720,0.50000,0.10000,calibration
1.00000,0.13708,0.50000,0.10000,calibration
1.10000,0.13463,0.50000,0.10000,calibration
1.20000,0.12783,0.50000,0.10000,calibration
1.30000,0.12580,0.50000,0.10000,calibration
1.40000,0.11354,0.50000,0.10000,calibration
1.50000,0.11647,0.50000,0.10000,calibration
1.60000,0.11824,0.50000,0.10000,calibration
0.00000,0.13031,0.50000,0.10000,evaluation
0.10000,0.13031,0.50000,0.10000,evaluation
0.20000,0.13043,0.50000,0.10000,evaluation
0.30000,0.13085,0.50000,0.10000,evaluation
0.40000,0.13115,0.50000,0.10000,evaluation
0.50000,0.13262,0.50000,0.10000,evaluation
0.60000,0.13267,0.50000,0.10000,evaluation
0.70000,0.13341,0.50000,0.10000,evaluation
0.80000,0.13578,0.50000,0.10000,evaluation
0.90000,0.12933,0.50000,0.10000,evaluation
1.00000,0.12859,0.50000,0.10000,evaluation
1.10000,0.12776,0.50000,0.10000,evaluation
1.20000,0.11849,0.50000,0.10000,evaluation
1.30000,0.12015,0.50000,0.10000,evaluation
1.40000,0.10768,0.50000,0.10000,evaluation
1.50000,0.10982,0.50000,0.10000,evaluation
1.60000,0.10196,0.50000,0.10000,evaluation
0.00000,0.19529,0.50000,0.01000,calibration
0.10000,0.19766,0.50000,0.01000,calibration
0.20000,0.21025,0.50000,0.01000,calibration
0.30000,0.20978,0.50000,0.01000,calibration
0.40000,0.21290,0.50000,0.01000,calibration
0.50000,0.21346,0.50000,0.01000,calibration
0.60000,0.21769,0.50000,0.01000,calibration
0.70000,0.21914,0.50000,0.01000,calibration
0.80000,0.23194,0.50000,0.01000,calibration
0.90000,0.23185,0.50000,0.01000,calibration
1.00000,0.23254,0.50000,0.01000,calibration
1.10000,0.24067,0.50000,0.01000,calibration
1.20000,0.23129,0.50000,0.01000,calibration
1.30000,0.20515,0.50000,0.01000,calibration
1.40000,0.20467,0.50000,0.01000,calibration
1.50000,0.20137,0.50000,0.01000,calibration
1.60000,0.16934,0.50000,0.01000,calibration
0.00000,0.18247,0.50000,0.01000,evaluation
0.10000,0.18527,0.50000,0.01000,evaluation
0.20000,0.19785,0.50000,0.01000,evaluation
0.30000,0.20274,0.50000,0.01000,evaluation
0.40000,0.20418,0.50000,0.01000,evaluation
0.50000,0.20940,0.50000,0.01000,evaluation
0.60000,0.21416,0.50000,0.01000,evaluation
0.70000,0.21497,0.50000,0.01000,evaluation
0.80000,0.22634,0.50000,0.01000,evaluation
0.90000,0.22760,0.50000,0.01000,evaluation
1.00000,0.22878,0.50000,0.01000,evaluation
1.10000,0.23265,0.50000,0.01000,evaluation
1.20000,0.22587,0.50000,0.01000,evaluation
1.30000,0.19637,0.50000,0.01000,evaluation
1.40000,0.19491,0.50000,0.01000,evaluation
1.50000,0.18810,0.50000,0.01000,evaluation
1.60000,0.15925,0.50000,0.01000,evaluation
