encoding,candidate,candidate_type,known_interests,seeds,expected_cosine,seed_11_cosine,measured_mean,measured_sd,measured_min,measured_max
without_normalization,A_0,A,0,100,0.70711,0.68796,0.70618,0.00939,0.68172,0.72648
without_normalization,A_1,A,1,100,0.81650,0.81225,0.81602,0.00631,0.80073,0.83469
without_normalization,A_2,A,2,100,0.91287,0.91078,0.91296,0.00256,0.90712,0.92084
without_normalization,A_3,A,3,100,1.00000,1.00000,1.00000,0.00000,1.00000,1.00000
without_normalization,B,B,3,100,0.83333,0.83107,0.83365,0.00530,0.82078,0.84653
with_normalization,A_0,A,0,100,0.86603,0.86145,0.86587,0.00364,0.85753,0.87369
with_normalization,A_1,A,1,100,0.89434,0.89689,0.89427,0.00422,0.88435,0.90407
with_normalization,A_2,A,2,100,0.95412,0.95412,0.95427,0.00176,0.95078,0.96017
with_normalization,A_3,A,3,100,1.00000,1.00000,1.00000,0.00000,1.00000,1.00000
with_normalization,B,B,3,100,0.75000,0.74481,0.74998,0.00732,0.73169,0.76859
