dimension,seed,n,k,count,cos_sum,cos_sq_sum,max_cos,zero_at_or_above_half_mu1,zero_at_or_above_mu1,mean,std,max,predicted_mean,predicted_std,max_reference,expected_zero_at_or_above_half_mu1,expected_zero_at_or_above_mu1
512,11,10000,0,840459,1870.9927401957534,1652.4155037008636,0.21067843002123865,11131,2,0.0022261558745825237,0.04428466120280926,0.21067843002123865,0.0,0.044194173824159216,0.2109375,10130.874611616548,2.080800591057568
512,11,10000,1,152116,30770.70447303748,6483.006672207044,0.3696962390780791,0,0,0.2022844702269155,0.041228969067366596,0.3696962390780791,0.2,,,,
512,11,10000,2,7241,2913.8333854397747,1181.6494646011581,0.5147270139674793,0,0,0.40240759362515877,0.03545194962447483,0.5147270139674793,0.4,,,,
512,11,10000,3,84,50.31808026032361,30.195640578184847,0.6512319101472853,0,0,0.5990247650038525,0.025322767564723046,0.6512319101472853,0.6,,,,
512,11,10000,4,0,0.0,0.0,-inf,0,0,NaN,NaN,,0.8,,,,
512,11,10000,5,0,0.0,0.0,-inf,0,0,NaN,NaN,,1.0,,,,
512,11,100000,0,8413087,19339.992985181503,16546.207935433664,0.2391746953444665,113879,33,0.0022987986437298822,0.044288125686987305,0.2391746953444665,0.0,0.044194173824159216,0.23046875,101411.16877042333,20.829042704306506
512,11,100000,1,1513545,306153.2250665443,64486.153619499426,0.3986756184851411,0,0,0.20227560136404554,0.04111712127882902,0.3986756184851411,0.2,,,,
512,11,100000,2,72385,29142.93163181303,11820.743121875603,0.5481501665086258,0,0,0.40261009369086176,0.034768933461649956,0.5481501665086258,0.4,,,,
512,11,100000,3,879,528.3150120610438,318.1230697799614,0.6805013360995252,0,0,0.6010409693527233,0.025778058753101428,0.6805013360995252,0.6,,,,
512,11,100000,4,4,3.1862948543210527,2.5387248111266456,0.8142716157485267,0,0,0.7965737135802632,0.012309411627294941,0.8142716157485267,0.8,,,,
512,11,100000,5,0,0.0,0.0,-inf,0,0,NaN,NaN,,1.0,,,,
512,11,1000000,0,84133994,194752.81993598494,165320.10127864592,0.2391746953444665,1136981,297,0.002314793470234932,0.044267411637646636,0.2391746953444665,0.0,0.044194173824159216,0.25,1014149.3443326788,208.29816141326808
512,11,1000000,1,15137069,3062256.032668387,645081.0586889087,0.4159955189135576,0,0,0.20230178198093615,0.04110925587133423,0.4159955189135576,0.2,,,,
512,11,1000000,2,719912,289823.1166169445,117550.93922632566,0.5803697842525049,0,0,0.4025813107948534,0.03483444620684437,0.5803697842525049,0.4,,,,
512,11,1000000,3,8887,5357.152755842283,3235.0880470528996,0.6842161782208183,0,0,0.6028077816858651,0.025446785534434704,0.6842161782208183,0.6,,,,
512,11,1000000,4,38,30.38695221106046,24.306614891361466,0.8401541783113665,0,0,0.79965663713317,0.014036487732179364,0.8401541783113665,0.8,,,,
512,11,1000000,5,0,0.0,0.0,-inf,0,0,NaN,NaN,,1.0,,,,
512,23,10000,0,840459,247.4599124284234,1630.6078680120384,0.2090032154340836,9777,2,0.0002944342465586345,0.04404603277917271,0.2090032154340836,0.0,0.044194173824159216,0.2109375,10130.874611616548,2.080800591057568
512,23,10000,1,152116,30279.376346789606,6280.429894704163,0.36029746615465674,0,0,0.199054513310826,0.040797179750715264,0.36029746615465674,0.2,,,,
512,23,10000,2,7241,2882.4441223454414,1156.2852300331547,0.5127883758478975,0,0,0.3980726587964979,0.03498581088036093,0.5127883758478975,0.4,,,,
512,23,10000,3,84,50.53449213676701,30.464353098734545,0.6579878428626273,0,0,0.6016010968662739,0.027331126437202466,0.6579878428626273,0.6,,,,
512,23,10000,4,0,0.0,0.0,-inf,0,0,NaN,NaN,,0.8,,,,
512,23,10000,5,0,0.0,0.0,-inf,0,0,NaN,NaN,,1.0,,,,
512,23,100000,0,8413087,2090.2139249555808,16313.159991026681,0.23783595765722834,97340,21,0.0002484479151297949,0.04403362555758426,0.23783595765722834,0.0,0.044194173824159216,0.23046875,101411.16877042333,20.829042704306506
512,23,100000,1,1513545,301496.5606918286,62574.271066666726,0.39577177362281935,0,0,0.19919894069342411,0.04077544309374218,0.39577177362281935,0.2,,,,
512,23,100000,2,72385,28828.692400384738,11568.64884675183,0.5291502622129182,0,0,0.39826887339068506,0.03468406099079978,0.5291502622129182,0.4,,,,
512,23,100000,3,879,527.2537984706264,316.8345328940665,0.6890166854536658,0,0,0.5998336728903599,0.025463851824847186,0.6890166854536658,0.6,,,,
512,23,100000,4,4,3.1508204661639354,2.4833426240941425,0.8118524974476216,0,0,0.7877051165409839,0.018876053578295776,0.8118524974476216,0.8,,,,
512,23,100000,5,0,0.0,0.0,-inf,0,0,NaN,NaN,,1.0,,,,
512,23,1000000,0,84133994,19844.255749863925,163410.4884640561,0.25060216867644547,982244,291,0.00023586489605930184,0.04407050135537283,0.25060216867644547,0.0,0.044194173824159216,0.25,1014149.3443326788,208.29816141326808
512,23,1000000,1,15137069,3014454.536239107,625461.6370625346,0.4129341951878472,0,0,0.19914387232026934,0.0407625124686659,0.4129341951878472,0.2,,,,
512,23,1000000,2,719912,286683.11938164075,115027.8237429585,0.5394166331897496,0,0,0.3982196704342208,0.03466250285066855,0.5394166331897496,0.4,,,,
512,23,1000000,3,8887,5321.945960897135,3192.9686936464564,0.6890166854536658,0,0,0.598846175413203,0.025856998279309436,0.6890166854536658,0.6,,,,
512,23,1000000,4,38,30.32065864769541,24.201503629622493,0.83029967682984,0,0,0.797912069676195,0.014764942560025711,0.83029967682984,0.8,,,,
512,23,1000000,5,0,0.0,0.0,-inf,0,0,NaN,NaN,,1.0,,,,
512,37,10000,0,840459,-279.08921264534985,1688.898596688531,0.21348342108365853,10739,4,-0.0003320676114424973,0.0448261670547522,0.21348342108365853,0.0,0.044194173824159216,0.2109375,10130.874611616548,2.080800591057568
512,37,10000,1,152116,30407.318300290277,6352.881496359506,0.37847245146850755,0,0,0.1998955948111328,0.04248708166414035,0.37847245146850755,0.2,,,,
512,37,10000,2,7241,2897.948418309544,1169.1411386326902,0.52427377644138,0,0,0.40021384039629115,0.03591884404269706,0.52427377644138,0.4,,,,
512,37,10000,3,84,50.80573655416238,30.781713374332835,0.6576590827030948,0,0,0.6048301970733616,0.02508787456633462,0.6576590827030948,0.6,,,,
512,37,10000,4,0,0.0,0.0,-inf,0,0,NaN,NaN,,0.8,,,,
512,37,10000,5,0,0.0,0.0,-inf,0,0,NaN,NaN,,1.0,,,,
512,37,100000,0,8413087,-3580.222301175999,16887.834992573862,0.23361785870242147,105501,32,-0.0004255539377134694,0.04480120622839226,0.23361785870242147,0.0,0.044194173824159216,0.23046875,101411.16877042333,20.829042704306506
512,37,100000,1,1513545,302257.2386059708,63088.92498745327,0.3937756266227406,0,0,0.19970152100265987,0.042452200954455385,0.3937756266227406,0.2,,,,
512,37,100000,2,72385,28977.055793805644,11694.931197815275,0.5441816221331889,0,0,0.4003185161816073,0.03620439224628603,0.5441816221331889,0.4,,,,
512,37,100000,3,879,528.9546922578186,318.87593105231883,0.6766506625597675,0,0,0.6017687056402942,0.02541018558084091,0.6766506625597675,0.6,,,,
512,37,100000,4,4,3.198881002590907,2.558543158125274,0.8151163158710203,0,0,0.7997202506477268,0.009127444070249917,0.8151163158710203,0.8,,,,
512,37,100000,5,0,0.0,0.0,-inf,0,0,NaN,NaN,,1.0,,,,
512,37,1000000,0,84133994,-37001.433357595786,168798.58570064517,0.2553767601646773,1052309,271,-0.00043979171317595815,0.044789654636951816,0.2553767601646773,0.0,0.044194173824159216,0.25,1014149.3443326788,208.29816141326808
512,37,1000000,1,15137069,3022499.07302815,630807.7989559142,0.4146093985473576,0,0,0.19967531845353614,0.042459568205964124,0.4146093985473576,0.2,,,,
512,37,1000000,2,719912,288216.152117338,116321.81126955025,0.5576877662584416,0,0,0.4003491428359827,0.0360330881049193,0.5576877662584416,0.4,,,,
512,37,1000000,3,8887,5340.03962142399,3214.7038269732957,0.6853437435437089,0,0,0.6008821448659829,0.025917105616424945,0.6853437435437089,0.6,,,,
512,37,1000000,4,38,30.52360364355454,24.52292590497589,0.8272380851543331,0,0,0.8032527274619616,0.011189781902342029,0.8272380851543331,0.8,,,,
512,37,1000000,5,0,0.0,0.0,-inf,0,0,NaN,NaN,,1.0,,,,
2048,11,10000,0,840459,810.8355146646595,416.6101600659567,0.10825154683754949,3,0,0.0009647532058847124,0.022243265640790197,0.10825154683754949,0.0,0.022097086912079608,0.10546875,2.437770361831645,5.102842416770992e-14
2048,11,10000,1,152116,30190.27750243265,6055.744768186809,0.2852953052635717,0,0,0.1984687837073855,0.020498454826093925,0.2852953052635717,0.2,,,,
2048,11,10000,2,7241,2876.5632529284767,1145.002364119007,0.46851494266462274,0,0,0.39726049619230447,0.017656588995009652,0.46851494266462274,0.4,,,,
2048,11,10000,3,84,50.21146109546477,30.026545071074544,0.6241426948878428,0,0,0.5977554892317235,0.012134454544290739,0.6241426948878428,0.6,,,,
2048,11,10000,4,0,0.0,0.0,-inf,0,0,NaN,NaN,,0.8,,,,
2048,11,10000,5,0,0.0,0.0,-inf,0,0,NaN,NaN,,1.0,,,,
2048,11,100000,0,8413087,7650.511509031228,4159.057486600842,0.11318819434339349,33,0,0.0009093584208782375,0.022215507289257516,0.11318819434339349,0.0,0.022097086912079608,0.115234375,24.40234935923241,5.108001365870865e-13
2048,11,100000,1,1513545,300447.2512906596,60279.41072992864,0.29511408180181903,0,0,0.19850566140462264,0.02054608618889243,0.29511408180181903,0.2,,,,
2048,11,100000,2,72385,28749.04556329925,11440.672622599443,0.46851494266462274,0,0,0.3971685509884541,0.017613290492502483,0.46851494266462274,0.4,,,,
2048,11,100000,3,879,525.690141899738,314.52827209715156,0.6292505742980526,0,0,0.5980547689416815,0.01247412559302301,0.6292505742980526,0.6,,,,
2048,11,100000,4,4,3.196153204737239,2.553855374706334,0.8008065278727173,0,0,0.7990383011843097,0.0012794206015911008,0.8008065278727173,0.8,,,,
2048,11,100000,5,0,0.0,0.0,-inf,0,0,NaN,NaN,,1.0,,,,
2048,11,1000000,0,84133994,75403.39149168486,41608.930176394715,0.11954886670915829,350,0,0.000896229786638738,0.022220537360054263,0.11954886670915829,0.0,0.022097086912079608,0.1240234375,244.0325548250676,5.1081910393672525e-12
2048,11,1000000,1,15137069,3004436.5127457194,602727.7391497536,0.3021169749850586,0,0,0.1984820517595394,0.020563808532365127,0.3021169749850586,0.2,,,,
2048,11,1000000,2,719912,285877.97758478037,113746.63666554331,0.4787843669880695,0,0,0.3971012812465695,0.017644360245967265,0.4787843669880695,0.4,,,,
2048,11,1000000,3,8887,5306.264083911093,3169.770938237633,0.653950155668425,0,0,0.5970815892777195,0.012984596255762756,0.653950155668425,0.6,,,,
2048,11,1000000,4,38,30.298104184390425,24.158804422770267,0.807193170890165,0,0,0.7973185311681691,0.006416461748244853,0.807193170890165,0.8,,,,
2048,11,1000000,5,0,0.0,0.0,-inf,0,0,NaN,NaN,,1.0,,,,
2048,23,10000,0,840459,-803.708339338088,409.818327275763,0.10256377960095171,3,0,-0.0009562731071213324,0.022061234266850166,0.10256377960095171,0.0,0.022097086912079608,0.10546875,2.437770361831645,5.102842416770992e-14
2048,23,10000,1,152116,30165.735198030416,6047.049556334163,0.28404317496540227,0,0,0.19830744430586142,0.020664959997647586,0.28404317496540227,0.2,,,,
2048,23,10000,2,7241,2888.185835168006,1154.2649104292473,0.4629425709709913,0,0,0.39886560353100486,0.017693722969396503,0.4629425709709913,0.4,,,,
2048,23,10000,3,84,50.33027293994564,30.16641487261918,0.6254619897501666,0,0,0.5991699159517337,0.010926957362049593,0.6254619897501666,0.6,,,,
2048,23,10000,4,0,0.0,0.0,-inf,0,0,NaN,NaN,,0.8,,,,
2048,23,10000,5,0,0.0,0.0,-inf,0,0,NaN,NaN,,1.0,,,,
2048,23,100000,0,8413087,-8633.157904674772,4091.7183821164012,0.10896753237632768,16,0,-0.0010261581634273807,0.02202949401153121,0.10896753237632768,0.0,0.022097086912079608,0.115234375,24.40234935923241,5.108001365870865e-13
2048,23,100000,1,1513545,300166.264667214,60175.55339936077,0.3000480986397534,0,0,0.19832001339055927,0.020668646827162535,0.3000480986397534,0.2,,,,
2048,23,100000,2,72385,28869.708076700208,11536.885674269344,0.46853500440400314,0,0,0.3988355056531078,0.01767795982975896,0.46853500440400314,0.4,,,,
2048,23,100000,3,879,526.5474527831873,315.5639201009806,0.6346381824642363,0,0,0.5990300941788251,0.012894508123933654,0.6346381824642363,0.6,,,,
2048,23,100000,4,4,3.1972053802837452,2.556013445030212,0.8176776578909181,0,0,0.7993013450709363,0.010987312016366614,0.8176776578909181,0.8,,,,
2048,23,100000,5,0,0.0,0.0,-inf,0,0,NaN,NaN,,1.0,,,,
2048,23,1000000,0,84133994,-86167.22083695715,40910.274724709016,0.11844001921691422,162,0,-0.001024166531746456,0.02202731283887726,0.11844001921691422,0.0,0.022097086912079608,0.1240234375,244.0325548250676,5.1081910393672525e-12
2048,23,1000000,1,15137069,3002456.415083608,602004.348404053,0.30488591151909067,0,0,0.19835124059245604,0.020663762815165715,0.30488591151909067,0.2,,,,
2048,23,1000000,2,719912,287066.0899222843,114692.3161022315,0.4799013506265325,0,0,0.39875163898127036,0.017648955765151145,0.4799013506265325,0.4,,,,
2048,23,1000000,3,8887,5326.26293001641,3193.693978596519,0.6512395064297333,0,0,0.5993319376635996,0.01296790510617218,0.6512395064297333,0.6,,,,
2048,23,1000000,4,38,30.369196853091406,24.27296790510475,0.817720542980962,0,0,0.7991893908708265,0.007657075926716837,0.817720542980962,0.8,,,,
2048,23,1000000,5,0,0.0,0.0,-inf,0,0,NaN,NaN,,1.0,,,,
2048,37,10000,0,840459,-719.3122218007711,417.5846748375478,0.10024363552733928,1,0,-0.0008558564091773318,0.02227376546453575,0.10024363552733928,0.0,0.022097086912079608,0.10546875,2.437770361831645,5.102842416770992e-14
2048,37,10000,1,152116,30416.733805983367,6145.158775800292,0.3055053058050246,0,0,0.1999574916904426,0.02036781132506115,0.3055053058050246,0.2,,,,
2048,37,10000,2,7241,2901.7238915147473,1165.0078363968228,0.47003443705546794,0,0,0.40073524257902876,0.017370305144141743,0.47003443705546794,0.4,,,,
2048,37,10000,3,84,50.71276962807353,30.631030614899913,0.6367912367040899,0,0,0.6037234479532563,0.01315768821974401,0.6367912367040899,0.6,,,,
2048,37,10000,4,0,0.0,0.0,-inf,0,0,NaN,NaN,,0.8,,,,
2048,37,10000,5,0,0.0,0.0,-inf,0,0,NaN,NaN,,1.0,,,,
2048,37,100000,0,8413087,-7684.399574826777,4177.605765584126,0.11618225749362485,26,0,-0.0009133864388692019,0.022264907717307877,0.11618225749362485,0.0,0.022097086912079608,0.115234375,24.40234935923241,5.108001365870865e-13
2048,37,100000,1,1513545,302832.01458419656,61225.63383080173,0.3055053058050246,0,0,0.20008127580230292,0.020476631928602648,0.3055053058050246,0.2,,,,
2048,37,100000,2,72385,29017.584898746714,11654.365328437743,0.4785523592825143,0,0,0.40087842645225824,0.017370706634021776,0.4785523592825143,0.4,,,,
2048,37,100000,3,879,529.0523849950774,318.57820168621527,0.6441815248835678,0,0,0.6018798464107821,0.013160143490893658,0.6441815248835678,0.6,,,,
2048,37,100000,4,4,3.1969979202771253,2.555644638091114,0.8141673732827331,0,0,0.7992494800692813,0.01055595243272793,0.8141673732827331,0.8,,,,
2048,37,100000,5,0,0.0,0.0,-inf,0,0,NaN,NaN,,1.0,,,,
2048,37,1000000,0,84133994,-77863.4491400262,41748.01122811495,0.12248768419598699,223,0,-0.0009254695449264682,0.0222565070119685,0.12248768419598699,0.0,0.022097086912079608,0.1240234375,244.0325548250676,5.1081910393672525e-12
2048,37,1000000,1,15137069,3028338.051971964,612212.4317480479,0.3138037505781896,0,0,0.20006105884646255,0.020497681667525944,0.3138037505781896,0.2,,,,
2048,37,1000000,2,719912,288634.90668714076,115939.28050078654,0.48254760658486073,0,0,0.4009308174987231,0.017347665825070618,0.48254760658486073,0.4,,,,
2048,37,1000000,3,8887,5343.792786015787,3214.7329016432213,0.6489275344957982,0,0,0.6013044656257215,0.012932888170212379,0.6489275344957982,0.6,,,,
2048,37,1000000,4,38,30.40786340794653,24.334901587007153,0.8169685699392467,0,0,0.8002069317880666,0.007811103944556178,0.8169685699392467,0.8,,,,
2048,37,1000000,5,0,0.0,0.0,-inf,0,0,NaN,NaN,,1.0,,,,
4096,11,10000,0,840459,287.12984747364726,207.39638591483197,0.07040068170508669,0,0,0.00034163456810343783,0.0157050598680578,0.07040068170508669,0.0,0.015625,0.07421875,0.00006710402654824875,4.119822774749474e-32
4096,11,10000,1,152116,30565.433583868733,6173.242259831596,0.25960449166577426,0,0,0.20093503368395654,0.014407544195651033,0.25960449166577426,0.2,,,,
4096,11,10000,2,7241,2906.390936787644,1167.6562115629138,0.4420157338513022,0,0,0.4013797730683116,0.01226731733573498,0.4420157338513022,0.4,,,,
4096,11,10000,3,84,50.64374960074738,30.540477841954313,0.6230621284715079,0,0,0.6029017809612783,0.009303745473816337,0.6230621284715079,0.6,,,,
4096,11,10000,4,0,0.0,0.0,-inf,0,0,NaN,NaN,,0.8,,,,
4096,11,10000,5,0,0.0,0.0,-inf,0,0,NaN,NaN,,1.0,,,,
4096,11,100000,0,8413087,2770.472882092032,2072.292429262507,0.08055958626182246,0,0,0.0003293051506649143,0.015691057346299643,0.08055958626182246,0.0,0.015625,0.0810546875,0.000671718683958083,4.123987895727065e-31
4096,11,100000,1,1513545,304146.47050561005,61431.58928989492,0.2704378575479768,0,0,0.20094973754041673,0.014390526309154515,0.2704378575479768,0.2,,,,
4096,11,100000,2,72385,29036.95223917738,11658.852383880901,0.45253306413120215,0,0,0.40114598658806905,0.012212306701522463,0.45253306413120215,0.4,,,,
4096,11,100000,3,879,528.4557663782235,317.78303003232406,0.6323418626896419,0,0,0.6012010994063977,0.00922739516252345,0.6323418626896419,0.6,,,,
4096,11,100000,4,4,3.212626682370792,2.580267234482464,0.805993037368895,0,0,0.803156670592698,0.0024841704990684376,0.805993037368895,0.8,,,,
4096,11,100000,5,0,0.0,0.0,-inf,0,0,NaN,NaN,,1.0,,,,
4096,11,1000000,0,84133994,28593.230835142298,20723.51328215439,0.08392289896728444,0,0,0.00033985348223385543,0.015690764056183866,0.08392289896728444,0.0,0.015625,0.087890625,0.0067174362663570755,4.124141030220815e-30
4096,11,1000000,1,15137069,3042140.185597949,614521.0927819496,0.2772474266878399,0,0,0.2009728690275475,0.01438767459846157,0.2772474266878399,0.2,,,,
4096,11,1000000,2,719912,288835.6969580214,115991.46962925783,0.46130251373532893,0,0,0.40120972696388085,0.012235631587459163,0.46130251373532893,0.4,,,,
4096,11,1000000,3,8887,5341.202216627527,3210.8664727196315,0.6373015962210553,0,0,0.6010129646255797,0.009092338778501588,0.6373015962210553,0.6,,,,
4096,11,1000000,4,38,30.435887180417584,24.378030272540258,0.8092390126633663,0,0,0.8009443994846732,0.0038963276820805975,0.8092390126633663,0.8,,,,
4096,11,1000000,5,0,0.0,0.0,-inf,0,0,NaN,NaN,,1.0,,,,
4096,23,10000,0,840459,-872.5757813684139,207.92759914301888,0.0754715231279828,0,0,-0.0010382133826497353,0.015694578170145492,0.0754715231279828,0.0,0.015625,0.07421875,0.00006710402654824875,4.119822774749474e-32
4096,23,10000,1,152116,30278.754874226997,6059.0176876708865,0.2571635601859939,0,0,0.1990504277934405,0.014508201017295946,0.2571635601859939,0.2,,,,
4096,23,10000,2,7241,2889.4772418603334,1154.1655983189244,0.44617285080866265,0,0,0.39904394998761683,0.012531889044048915,0.44617285080866265,0.4,,,,
4096,23,10000,3,84,50.40609363365009,30.253999447852255,0.62072322920633,0,0,0.6000725432577392,0.008922046943833915,0.62072322920633,0.6,,,,
4096,23,10000,4,0,0.0,0.0,-inf,0,0,NaN,NaN,,0.8,,,,
4096,23,10000,5,0,0.0,0.0,-inf,0,0,NaN,NaN,,1.0,,,,
4096,23,100000,0,8413087,-8072.490191699877,2081.6607477270054,0.08171087079491528,0,0,-0.0009595158342829305,0.01570065581521926,0.08171087079491528,0.0,0.015625,0.0810546875,0.000671718683958083,4.123987895727065e-31
4096,23,100000,1,1513545,301359.94556859694,60322.529325377596,0.2687281663410734,0,0,0.19910867900762577,0.014521077457864026,0.2687281663410734,0.2,,,,
4096,23,100000,2,72385,28893.43144312481,11544.784834251921,0.4556592399381027,0,0,0.3991632443617436,0.012653150309690104,0.4556592399381027,0.4,,,,
4096,23,100000,3,879,527.0793732756549,316.1335336248058,0.6283318215165884,0,0,0.5996352369461375,0.009430226451040628,0.6283318215165884,0.6,,,,
4096,23,100000,4,4,3.212194707376042,2.579644803158639,0.8111979631234457,0,0,0.8030486768440105,0.004901368048193915,0.8111979631234457,0.8,,,,
4096,23,100000,5,0,0.0,0.0,-inf,0,0,NaN,NaN,,1.0,,,,
4096,23,1000000,0,84133994,-80268.60610249473,20825.724538091228,0.08262126294400074,0,0,-0.0009540567645284346,0.015704146443013555,0.08262126294400074,0.0,0.015625,0.087890625,0.0067174362663570755,4.124141030220815e-30
4096,23,1000000,1,15137069,3014052.9719850915,603344.3185831371,0.27683714145608584,0,0,0.1991173437859794,0.014526237470290814,0.27683714145608584,0.2,,,,
4096,23,1000000,2,719912,287389.41839769,114841.4295537188,0.4556592399381027,0,0,0.39920076120093845,0.012658389232373357,0.4556592399381027,0.4,,,,
4096,23,1000000,3,8887,5327.54179717622,3194.5682722231627,0.6396482503664721,0,0,0.5994758407984945,0.009697077080618063,0.6396482503664721,0.6,,,,
4096,23,1000000,4,38,30.35011943085113,24.240906317454836,0.8111979631234457,0,0,0.7986873534434508,0.00413506359556409,0.8111979631234457,0.8,,,,
4096,23,1000000,5,0,0.0,0.0,-inf,0,0,NaN,NaN,,1.0,,,,
4096,37,10000,0,840459,-379.76445959113516,201.47472236932418,0.07146412148098445,0,0,-0.00045185364139254286,0.015476294726582247,0.07146412148098445,0.0,0.015625,0.07421875,0.00006710402654824875,4.119822774749474e-32
4096,37,10000,1,152116,30355.076665089393,6089.906303321515,0.2657809904483783,0,0,0.19955216193621575,0.014613520390261578,0.2657809904483783,0.2,,,,
4096,37,10000,2,7241,2891.3837816886253,1155.6308600426155,0.4408992878559351,0,0,0.3993072478509357,0.012214759296126743,0.4408992878559351,0.4,,,,
4096,37,10000,3,84,50.33239611070948,30.16517387098966,0.619213085293991,0,0,0.5991951917941605,0.008621767837058059,0.619213085293991,0.6,,,,
4096,37,10000,4,0,0.0,0.0,-inf,0,0,NaN,NaN,,0.8,,,,
4096,37,10000,5,0,0.0,0.0,-inf,0,0,NaN,NaN,,1.0,,,,
4096,37,100000,0,8413087,-3935.962314132977,2019.2021292472966,0.07858398540322699,0,0,-0.00046783806159771997,0.015485102769524889,0.07858398540322699,0.0,0.015625,0.0810546875,0.000671718683958083,4.123987895727065e-31
4096,37,100000,1,1513545,301967.40854965267,60567.08581129293,0.2736347263365495,0,0,0.19951003012771518,0.014575809673344823,0.2736347263365495,0.2,,,,
4096,37,100000,2,72385,28901.687610198318,11550.963646885373,0.4527690550491541,0,0,0.3992773034495865,0.012425506560181796,0.4527690550491541,0.4,,,,
4096,37,100000,3,879,526.7198051951023,315.6936312650529,0.6264198037548412,0,0,0.5992261720080799,0.008881643527649169,0.6264198037548412,0.6,,,,
4096,37,100000,4,4,3.195338975249366,2.552698194826897,0.8084514576278693,0,0,0.7988347438123415,0.006131947895646938,0.8084514576278693,0.8,,,,
4096,37,100000,5,0,0.0,0.0,-inf,0,0,NaN,NaN,,1.0,,,,
4096,37,1000000,0,84133994,-39150.7540117227,20190.090396647847,0.08629442364915844,0,0,-0.0004653381130547862,0.015484149271441669,0.08629442364915844,0.0,0.015625,0.087890625,0.0067174362663570755,4.124141030220815e-30
4096,37,1000000,1,15137069,3020462.7905659173,605920.6041287308,0.28625396669993175,0,0,0.19954079555070517,0.014573819066775453,0.28625396669993175,0.2,,,,
4096,37,1000000,2,719912,287473.281361028,114904.34390315543,0.45703119689812727,0,0,0.39931725177664495,0.012434094941296525,0.45703119689812727,0.4,,,,
4096,37,1000000,3,8887,5325.631102645753,3192.1710186222717,0.6296359476789035,0,0,0.5992608419765673,0.00905604366597609,0.6296359476789035,0.6,,,,
4096,37,1000000,4,38,30.37269978750302,24.277124150803203,0.8086558953270873,0,0,0.7992815733553427,0.004544741317120467,0.8086558953270873,0.8,,,,
4096,37,1000000,5,0,0.0,0.0,-inf,0,0,NaN,NaN,,1.0,,,,
8192,11,10000,0,840459,-69.35766960603354,104.51209052113586,0.055423543262512524,0,0,-0.00008252356106131714,0.011150981848794476,0.055423543262512524,0.0,0.011048543456039804,0.05224609375,5.674717336988345e-14,3.771154890453449e-68
8192,11,10000,1,152116,30447.78730368029,6110.4952410288515,0.24959941880534026,0,0,0.20016163522364702,0.01026110813464987,0.24959941880534026,0.2,,,,
8192,11,10000,2,7241,2899.90558789577,1161.9202760712524,0.43489804470867743,0,0,0.4004841303543392,0.008747786376342279,0.43489804470867743,0.4,,,,
8192,11,10000,3,84,50.40079078807062,30.24485080991152,0.6205889525940033,0,0,0.6000094141436979,0.006815473276178592,0.6205889525940033,0.6,,,,
8192,11,10000,4,0,0.0,0.0,-inf,0,0,NaN,NaN,,0.8,,,,
8192,11,10000,5,0,0.0,0.0,-inf,0,0,NaN,NaN,,1.0,,,,
8192,11,100000,0,8413087,-1118.1234665241636,1049.2994554621694,0.06029485213509466,0,0,-0.00013290287697300215,0.01116712247231583,0.06029485213509466,0.0,0.011048543456039804,0.057373046875,5.68045444887749e-13,3.7749675098797607e-67
8192,11,100000,1,1513545,302964.6936073588,60803.72794774685,0.2498096655632446,0,0,0.2001689369046568,0.010269013349983964,0.2498096655632446,0.2,,,,
8192,11,100000,2,72385,28984.343960203667,11611.450885004208,0.43489804470867743,0,0,0.4004192023237365,0.008766578119997278,0.43489804470867743,0.4,,,,
8192,11,100000,3,879,527.714917844476,316.8566203011423,0.6205889525940033,0,0,0.6003582683099841,0.0066272494570896985,0.6205889525940033,0.6,,,,
8192,11,100000,4,4,3.196493694384444,2.5544398067297687,0.8030234594374395,0,0,0.799123423596111,0.0034213363577353657,0.8030234594374395,0.8,,,,
8192,11,100000,5,0,0.0,0.0,-inf,0,0,NaN,NaN,,1.0,,,,
8192,11,1000000,0,84133994,-10471.56058559139,10498.5577587863,0.0633934411826597,0,0,-0.00012446289647905447,0.01116997262859158,0.0633934411826597,0.0,0.011048543456039804,0.06201171875,5.680665379059221e-12,3.7751076843306e-66
8192,11,1000000,1,15137069,3029884.7065900574,608068.5674166743,0.2555227053932207,0,0,0.2001632354711508,0.010271578687961072,0.2555227053932207,0.2,,,,
8192,11,1000000,2,719912,288245.0103380728,115465.29145756824,0.4404974076019233,0,0,0.4003892285974852,0.00874808358236934,0.4404974076019233,0.4,,,,
8192,11,1000000,3,8887,5336.324284177931,3204.6670175169197,0.6268390656642686,0,0,0.6004640805871421,0.006674971879954038,0.6268390656642686,0.6,,,,
8192,11,1000000,4,38,30.426062916449567,24.362103128884435,0.8091956703767266,0,0,0.800685866222357,0.003181305967670039,0.8091956703767266,0.8,,,,
8192,11,1000000,5,0,0.0,0.0,-inf,0,0,NaN,NaN,,1.0,,,,
8192,23,10000,0,840459,400.75780770413604,102.93147203601616,0.049778610215568,0,0,0.00047683207355044807,0.01105636361911383,0.049778610215568,0.0,0.011048543456039804,0.05224609375,5.674717336988345e-14,3.771154890453449e-68
8192,23,10000,1,152116,30426.258743972434,6101.913112901701,0.24350437717317142,0,0,0.200020107970052,0.01027174036021085,0.24350437717317142,0.2,,,,
8192,23,10000,2,7241,2895.2473373787166,1158.1688504873998,0.43251245073195815,0,0,0.3998408144425793,0.00856179836657103,0.43251245073195815,0.4,,,,
8192,23,10000,3,84,50.43878990432043,30.28981905256054,0.6131627729079129,0,0,0.6004617845752432,0.006223280788156781,0.6131627729079129,0.6,,,,
8192,23,10000,4,0,0.0,0.0,-inf,0,0,NaN,NaN,,0.8,,,,
8192,23,10000,5,0,0.0,0.0,-inf,0,0,NaN,NaN,,1.0,,,,
8192,23,100000,0,8413087,3876.550005018539,1028.3003546371415,0.05725960940592448,0,0,0.00046077616991462695,0.011045993326426772,0.05725960940592448,0.0,0.011048543456039804,0.057373046875,5.68045444887749e-13,3.7749675098797607e-67
8192,23,100000,1,1513545,302713.8005110489,60704.38230531491,0.2467348503700497,0,0,0.20000317170024604,0.010302889249393654,0.2467348503700497,0.2,,,,
8192,23,100000,2,72385,28941.035550171327,11576.571037340353,0.4381070180361511,0,0,0.3998208959062144,0.008589295227311269,0.4381070180361511,0.4,,,,
8192,23,100000,3,879,527.3600609135575,316.42989251301253,0.6186828959734617,0,0,0.5999545630415899,0.006559225414264941,0.6186828959734617,0.6,,,,
8192,23,100000,4,4,3.200230974021366,2.5604759811734157,0.8063126554117513,0,0,0.8000577435053415,0.005157746648974587,0.8063126554117513,0.8,,,,
8192,23,100000,5,0,0.0,0.0,-inf,0,0,NaN,NaN,,1.0,,,,
8192,23,1000000,0,84133994,39649.961304267264,10282.882074613453,0.06054386884152463,0,0,0.0004712715921256189,0.011045279721639432,0.06054386884152463,0.0,0.011048543456039804,0.06201171875,5.680665379059221e-12,3.7751076843306e-66
8192,23,1000000,1,15137069,3027300.094824429,607045.7254302868,0.255279417160234,0,0,0.1999924882964086,0.010308190465889072,0.255279417160234,0.2,,,,
8192,23,1000000,2,719912,287831.60603158607,115132.58600924101,0.44144735348581265,0,0,0.39981498576435187,0.00859611053730697,0.44144735348581265,0.4,,,,
8192,23,1000000,3,8887,5330.114617317516,3197.1777396388247,0.6243014361373835,0,0,0.5997653445839446,0.006362068938094473,0.6243014361373835,0.6,,,,
8192,23,1000000,4,38,30.427682771833446,24.364692770781087,0.8063126554117513,0,0,0.800728493995617,0.0031629812490777368,0.8063126554117513,0.8,,,,
8192,23,1000000,5,0,0.0,0.0,-inf,0,0,NaN,NaN,,1.0,,,,
8192,37,10000,0,840459,-234.1683834468556,106.29218673417569,0.05469791568990027,0,0,-0.00027861963932429253,0.011242401089041858,0.05469791568990027,0.0,0.011048543456039804,0.05224609375,5.674717336988345e-14,3.771154890453449e-68
8192,37,10000,1,152116,30409.87682198293,6095.83957641743,0.24445088276222562,0,0,0.19991241435472223,0.010423618516836462,0.24445088276222562,0.2,,,,
8192,37,10000,2,7241,2897.7486359991694,1160.1790075863244,0.4304676500183134,0,0,0.4001862499653597,0.008634482530890353,0.4304676500183134,0.4,,,,
8192,37,10000,3,84,50.26999973995245,30.087552649798095,0.6111975980736019,0,0,0.5984523778565768,0.006316805414405949,0.6111975980736019,0.6,,,,
8192,37,10000,4,0,0.0,0.0,-inf,0,0,NaN,NaN,,0.8,,,,
8192,37,10000,5,0,0.0,0.0,-inf,0,0,NaN,NaN,,1.0,,,,
8192,37,100000,0,8413087,-2558.8994311069337,1066.9018244362,0.05834104392930647,0,0,-0.00030415701526763405,0.011257088274527455,0.05834104392930647,0.0,0.011048543456039804,0.057373046875,5.68045444887749e-13,3.7749675098797607e-67
8192,37,100000,1,1513545,302526.1228611347,60633.18049568746,0.2520211031828102,0,0,0.19987917297545477,0.010425514546821993,0.2520211031828102,0.2,,,,
8192,37,100000,2,72385,28961.59981317564,11593.141141302998,0.4375734837115514,0,0,0.40010499154763607,0.008685436148075461,0.4375734837115514,0.4,,,,
8192,37,100000,3,879,527.4029657486109,316.4773077544022,0.6199345299828339,0,0,0.6000033740029703,0.006196336954412094,0.6199345299828339,0.6,,,,
8192,37,100000,4,4,3.2105409589865195,2.5769091718911956,0.8044688242322128,0,0,0.8026352397466299,0.0019912030707381553,0.8044688242322128,0.8,,,,
8192,37,100000,5,0,0.0,0.0,-inf,0,0,NaN,NaN,,1.0,,,,
8192,37,1000000,0,84133994,-24665.30215666571,10670.446837420282,0.06180713710980969,0,0,-0.00029316689941839336,0.011257924865254771,0.06180713710980969,0.0,0.011048543456039804,0.06201171875,5.680665379059221e-12,3.7751076843306e-66
8192,37,1000000,1,15137069,3025715.1178103853,606447.2460091744,0.25297431862969993,0,0,0.19988777997975601,0.010420760141378937,0.25297431862969993,0.2,,,,
8192,37,1000000,2,719912,288039.9909835391,115300.37638231444,0.4422158288750903,0,0,0.4001044446870438,0.008684467227780195,0.4422158288750903,0.4,,,,
8192,37,1000000,3,8887,5334.232874291499,3202.1086588928406,0.6238070688352341,0,0,0.600228746966524,0.006264353197851888,0.6238070688352341,0.6,,,,
8192,37,1000000,4,38,30.391294959427515,24.3064125418578,0.806899471474252,0,0,0.7997709199849347,0.002985106111788014,0.806899471474252,0.8,,,,
8192,37,1000000,5,0,0.0,0.0,-inf,0,0,NaN,NaN,,1.0,,,,
10000,11,10000,0,840459,104.85866057980734,85.85465144918449,0.04768916954744241,0,0,0.00012476356440921846,0.01010626209926538,0.04768916954744241,0.0,0.01,0.0474,6.518028730674001e-18,7.313807183769299e-84
10000,11,10000,1,152116,30376.826381114457,6079.61463477315,0.24078583963576516,0,0,0.19969514305605235,0.009424088204104758,0.24078583963576516,0.2,,,,
10000,11,10000,2,7241,2893.0436405401947,1156.3417188421724,0.4259759021243306,0,0,0.39953647846156537,0.008015751179280012,0.4259759021243306,0.4,,,,
10000,11,10000,3,84,50.399062075358195,30.242090378756636,0.6156568093483278,0,0,0.5999888342304547,0.006187427588949821,0.6156568093483278,0.6,,,,
10000,11,10000,4,0,0.0,0.0,-inf,0,0,NaN,NaN,,0.8,,,,
10000,11,10000,5,0,0.0,0.0,-inf,0,0,NaN,NaN,,1.0,,,,
10000,11,100000,0,8413087,858.8165610086442,858.5545501423478,0.05127950388583794,0,0,0.0001020810269772135,0.010101458468547429,0.05127950388583794,0.0,0.01,0.0518,6.52461842631942e-17,7.32120140759705e-83
10000,11,100000,1,1513545,302234.3192002198,60486.18128167541,0.24193521664322756,0,0,0.19968637813888573,0.009412920296018604,0.24193521664322756,0.2,,,,
10000,11,100000,2,72385,28912.477322395145,11553.05394819322,0.4324721715317674,0,0,0.3994263635061842,0.008013485347761525,0.4324721715317674,0.4,,,,
10000,11,100000,3,879,527.3830542504636,316.4494226139141,0.6162554600733774,0,0,0.5999807215591167,0.005818372168168338,0.6162554600733774,0.6,,,,
10000,11,100000,4,4,3.184636530510171,2.5354956326643707,0.7987501146808854,0,0,0.7961591326275428,0.0021315956115940575,0.7987501146808854,0.8,,,,
10000,11,100000,5,0,0.0,0.0,-inf,0,0,NaN,NaN,,1.0,,,,
10000,11,1000000,0,84133994,8662.529370224454,8593.85511127451,0.05589095248050012,0,0,0.0001029611095156668,0.010106149606870358,0.05589095248050012,0.0,0.01,0.056,6.524860702525096e-16,7.321473263019411e-82
10000,11,1000000,1,15137069,3022812.6371456594,604986.318955218,0.2486072443052647,0,0,0.19969603343590886,0.009417953675445248,0.2486072443052647,0.2,,,,
10000,11,1000000,2,719912,287572.1029391314,114918.02891177686,0.4386640282060814,0,0,0.39945452074577364,0.007998088459188084,0.4386640282060814,0.4,,,,
10000,11,1000000,3,8887,5329.837423031804,3196.8000426952217,0.6221750938257026,0,0,0.5997341535987177,0.00594891207772054,0.6221750938257026,0.6,,,,
10000,11,1000000,4,38,30.35052654545411,24.241147088705237,0.804581235078928,0,0,0.7986980669856344,0.0025141957742012178,0.804581235078928,0.8,,,,
10000,11,1000000,5,0,0.0,0.0,-inf,0,0,NaN,NaN,,1.0,,,,
10000,23,10000,0,840459,-41.43378901604969,83.6366602663597,0.04841592265362409,0,0,-0.000049299000922174294,0.009975502268991136,0.04841592265362409,0.0,0.01,0.0474,6.518028730674001e-18,7.313807183769299e-84
10000,23,10000,1,152116,30366.74851818396,6075.379057951773,0.23890149682889367,0,0,0.1996288918863496,0.009350119548185532,0.23890149682889367,0.2,,,,
10000,23,10000,2,7241,2891.6671791622352,1155.2371418352668,0.42820499181421556,0,0,0.3993463857426095,0.007973033773042853,0.42820499181421556,0.4,,,,
10000,23,10000,3,84,50.40166987732868,30.245316670572485,0.6134472011910098,0,0,0.6000198794920081,0.006279961121503047,0.6134472011910098,0.6,,,,
10000,23,10000,4,0,0.0,0.0,-inf,0,0,NaN,NaN,,0.8,,,,
10000,23,10000,5,0,0.0,0.0,-inf,0,0,NaN,NaN,,1.0,,,,
10000,23,100000,0,8413087,-294.3026978939138,838.531012973354,0.050445475341375896,0,0,-0.00003498153506482386,0.009983416932631693,0.050445475341375896,0.0,0.01,0.0518,6.52461842631942e-17,7.32120140759705e-83
10000,23,100000,1,1513545,302247.0089338868,60489.272162928435,0.24237037009422,0,0,0.19969476225278193,0.009343273433092715,0.24237037009422,0.2,,,,
10000,23,100000,2,72385,28911.514682397858,11552.240045156774,0.43226679575586446,0,0,0.39941306461833054,0.00797468113243524,0.43226679575586446,0.4,,,,
10000,23,100000,3,879,526.9044372772199,315.8773251376949,0.6177537119353228,0,0,0.5994362198830716,0.006007297100538578,0.6177537119353228,0.6,,,,
10000,23,100000,4,4,3.2081681177539534,2.5730951069932946,0.8043980736671299,0,0,0.8020420294384883,0.0015361518527197558,0.8043980736671299,0.8,,,,
10000,23,100000,5,0,0.0,0.0,-inf,0,0,NaN,NaN,,1.0,,,,
10000,23,1000000,0,84133994,-2379.6003392737666,8384.382394090586,0.05287659621042673,0,0,-0.00002828345863710888,0.009982700519252237,0.05287659621042673,0.0,0.01,0.056,6.524860702525096e-16,7.321473263019411e-82
10000,23,1000000,1,15137069,3023001.1814509765,605038.8732484428,0.24944796133953023,0,0,0.19970848923599255,0.009337817847967755,0.24944796133953023,0.2,,,,
10000,23,1000000,2,719912,287545.9174336362,114896.77054180308,0.43596531820525014,0,0,0.3994181475425277,0.007968554069891443,0.43596531820525014,0.4,,,,
10000,23,1000000,3,8887,5328.480053995942,3195.1668884316964,0.6177706834263135,0,0,0.5995814171256827,0.0058991422849343006,0.6177706834263135,0.6,,,,
10000,23,1000000,4,38,30.413363561925213,24.34172735703623,0.805261534546405,0,0,0.8003516726822424,0.0029954279029507894,0.805261534546405,0.8,,,,
10000,23,1000000,5,0,0.0,0.0,-inf,0,0,NaN,NaN,,1.0,,,,
10000,37,10000,0,840459,103.86064357481854,80.92407081963493,0.048052146745385466,0,0,0.00012357609779277577,0.009811742725467377,0.048052146745385466,0.0,0.01,0.0474,6.518028730674001e-18,7.313807183769299e-84
10000,37,10000,1,152116,30381.53063277611,6080.66733336048,0.23766853458714068,0,0,0.19972606847916136,0.009131349066882347,0.23766853458714068,0.2,,,,
10000,37,10000,2,7241,2892.81031031708,1156.1191314203681,0.42747236550615086,0,0,0.39950425498095293,0.007698069066709998,0.42747236550615086,0.4,,,,
10000,37,10000,3,84,50.36269546249075,30.19795142165794,0.6123848900168579,0,0,0.5995558983629851,0.005669781702848446,0.6123848900168579,0.6,,,,
10000,37,10000,4,0,0.0,0.0,-inf,0,0,NaN,NaN,,0.8,,,,
10000,37,10000,5,0,0.0,0.0,-inf,0,0,NaN,NaN,,1.0,,,,
10000,37,100000,0,8413087,925.2242756854683,811.095335724063,0.050094719676272326,0,0,0.00010997440959370422,0.009818180666797115,0.050094719676272326,0.0,0.01,0.0518,6.52461842631942e-17,7.32120140759705e-83
10000,37,100000,1,1513545,302282.302239358,60496.98951971131,0.2418087409864173,0,0,0.19971808055879278,0.00911493221873045,0.2418087409864173,0.2,,,,
10000,37,100000,2,72385,28923.216582591667,11561.373474990833,0.43122628143950714,0,0,0.39957472656754395,0.007785120626514369,0.43122628143950714,0.4,,,,
10000,37,100000,3,879,527.0724535914688,316.07483316614287,0.6207528487029387,0,0,0.5996273647229452,0.005620416325696407,0.6207528487029387,0.6,,,,
10000,37,100000,4,4,3.198145186827001,2.55703580044625,0.8004167423260476,0,0,0.7995362967067503,0.0008126253859497925,0.8004167423260476,0.8,,,,
10000,37,100000,5,0,0.0,0.0,-inf,0,0,NaN,NaN,,1.0,,,,
10000,37,1000000,0,84133994,8626.849637527685,8113.367854073098,0.052936212334484326,0,0,0.00010253702727494055,0.009819540243236755,0.052936212334484326,0.0,0.01,0.056,6.524860702525096e-16,7.321473263019411e-82
10000,37,1000000,1,15137069,3023118.0469843424,605022.7864664238,0.24589991406003417,0,0,0.19971620972226145,0.009113086654847828,0.24589991406003417,0.2,,,,
10000,37,1000000,2,719912,287665.48955893115,114989.9915946346,0.4333950901643361,0,0,0.39958424023898914,0.007763948987662202,0.4333950901643361,0.4,,,,
10000,37,1000000,3,8887,5329.606680136641,3196.5096757438487,0.6222461944124879,0,0,0.5997081895056421,0.005818828271562157,0.6222461944124879,0.6,,,,
10000,37,1000000,4,38,30.40439134743948,24.32735034159083,0.8090453386004588,0,0,0.8001155617747231,0.002918535211920216,0.8090453386004588,0.8,,,,
10000,37,1000000,5,0,0.0,0.0,-inf,0,0,NaN,NaN,,1.0,,,,
