dimension,candidates,abs_map_error_median,abs_map_error_p99,median_query_max_unrelated,max_unrelated,unrelated_score_p999,related_score_p01,calibrated_threshold,evaluation_recall,queries_with_false_match,queries_with_abs_violation,queries_with_false_match_reference_t,precision_at_10,top1_changed,head_discordant,abs_map_error_median_seed_min,abs_map_error_p99_seed_min,median_query_max_unrelated_seed_min,max_unrelated_seed_min,unrelated_score_p999_seed_min,related_score_p01_seed_min,calibrated_threshold_seed_min,evaluation_recall_seed_min,queries_with_false_match_seed_min,queries_with_abs_violation_seed_min,queries_with_false_match_reference_t_seed_min,precision_at_10_seed_min,top1_changed_seed_min,head_discordant_seed_min,abs_map_error_median_seed_max,abs_map_error_p99_seed_max,median_query_max_unrelated_seed_max,max_unrelated_seed_max,unrelated_score_p999_seed_max,related_score_p01_seed_max,calibrated_threshold_seed_max,evaluation_recall_seed_max,queries_with_false_match_seed_max,queries_with_abs_violation_seed_max,queries_with_false_match_reference_t_seed_max,precision_at_10_seed_max,top1_changed_seed_max,head_discordant_seed_max
512,100,0.027167,0.104300,0.047941,0.146645,0.146700,0.623467,0.619267,0.990566,0.000000,0.000000,0.000000,0.917250,0.095833,0.074844,0.027000,0.103300,0.042493,0.139026,0.139100,0.618000,0.616600,0.981132,0.000000,0.000000,0.000000,0.915250,0.085000,0.074463,0.027500,0.105000,0.053316,0.161038,0.161100,0.630400,0.620700,1.000000,0.000000,0.000000,0.000000,0.918500,0.105000,0.075055
512,1000,0.026767,0.102800,0.089384,0.154336,0.133033,0.622233,0.619267,0.990982,0.000000,0.000000,0.000000,0.928333,0.136667,0.143147,0.026400,0.101800,0.086281,0.144440,0.126400,0.618000,0.616600,0.983968,0.000000,0.000000,0.000000,0.927500,0.132500,0.141112,0.027300,0.103600,0.091784,0.161038,0.141200,0.625300,0.620700,0.994990,0.000000,0.000000,0.000000,0.930000,0.140000,0.146274
512,10000,0.026667,0.102667,0.114055,0.175602,0.135600,0.620267,0.619267,0.991319,0.000000,0.000000,0.000000,0.927833,0.067500,0.139797,0.026300,0.101000,0.111732,0.170242,0.132500,0.613600,0.616600,0.987598,0.000000,0.000000,0.000000,0.923250,0.062500,0.134151,0.027300,0.104400,0.115599,0.186031,0.140100,0.626100,0.620700,0.995969,0.000000,0.000000,0.000000,0.934750,0.075000,0.146536
512,100000,0.026700,0.102733,0.128624,0.196263,0.135633,0.620867,0.619267,0.991412,0.000000,0.000000,0.000000,0.946333,0.015000,0.041402,0.026300,0.100900,0.126286,0.187755,0.131800,0.616000,0.616600,0.989345,0.000000,0.000000,0.000000,0.943250,0.010000,0.040483,0.027400,0.104800,0.130057,0.210100,0.140800,0.625400,0.620700,0.994420,0.000000,0.000000,0.000000,0.951500,0.025000,0.042924
512,920000,0.026667,0.102733,0.136032,0.205181,0.135567,0.621067,0.619267,0.991620,0.000000,0.000000,0.000000,0.999917,0.000000,0.118404,0.026300,0.100900,0.134682,0.199640,0.131500,0.616300,0.616600,0.989770,0.000000,0.000000,0.000000,0.999750,0.000000,0.106807,0.027300,0.104800,0.137229,0.211197,0.140500,0.625600,0.620700,0.994499,0.000000,0.000000,0.000000,1.000000,0.000000,0.127963
1024,100,0.019933,0.077800,0.027602,0.098404,0.098433,0.632400,0.630167,0.990566,0.000000,0.000000,0.000000,0.940167,0.052500,0.053067,0.018900,0.074000,0.020315,0.070479,0.070500,0.630500,0.627400,0.990566,0.000000,0.000000,0.000000,0.936750,0.035000,0.050455,0.020700,0.079800,0.042148,0.129158,0.129200,0.635300,0.632800,0.990566,0.000000,0.000000,0.000000,0.945750,0.065000,0.055013
1024,1000,0.019867,0.077200,0.055997,0.115020,0.090767,0.630100,0.630167,0.991650,0.000000,0.000000,0.000000,0.953333,0.090833,0.103880,0.019200,0.074800,0.045670,0.103032,0.083400,0.627200,0.627400,0.989980,0.000000,0.000000,0.000000,0.948250,0.080000,0.099951,0.020400,0.078600,0.066872,0.129158,0.101800,0.633200,0.632800,0.994990,0.000000,0.000000,0.000000,0.959500,0.102500,0.106605
1024,10000,0.019867,0.077033,0.075142,0.124744,0.093867,0.631300,0.630167,0.991181,0.000000,0.000000,0.000000,0.961167,0.014167,0.091648,0.019200,0.074500,0.066668,0.117575,0.087000,0.627100,0.627400,0.989458,0.000000,0.000000,0.000000,0.960750,0.010000,0.089491,0.020400,0.078700,0.086994,0.137978,0.107000,0.634300,0.632800,0.994316,0.000000,0.000000,0.000000,0.961750,0.020000,0.093449
1024,100000,0.019867,0.077067,0.085515,0.136822,0.094067,0.631000,0.630167,0.990872,0.000000,0.000000,0.000000,0.977583,0.000833,0.020335,0.019200,0.074600,0.077081,0.125650,0.086600,0.627500,0.627400,0.988902,0.000000,0.000000,0.000000,0.976000,0.000000,0.018963,0.020500,0.078700,0.097540,0.152911,0.107000,0.633400,0.632800,0.993492,0.000000,0.000000,0.000000,0.979250,0.002500,0.021168
1024,920000,0.019867,0.077067,0.091296,0.143761,0.094067,0.630900,0.630167,0.990798,0.000000,0.000000,0.000000,1.000000,0.000000,0.056917,0.019200,0.074600,0.081741,0.133248,0.086400,0.627200,0.627400,0.988833,0.000000,0.000000,0.000000,1.000000,0.000000,0.053767,0.020500,0.078700,0.103441,0.159511,0.106900,0.633500,0.632800,0.993753,0.000000,0.000000,0.000000,1.000000,0.000000,0.060222
2048,100,0.013033,0.050333,0.022693,0.066576,0.066633,0.643167,0.643033,0.990566,0.000000,0.000000,0.000000,0.966667,0.037500,0.030853,0.012300,0.047800,0.021769,0.061764,0.061800,0.633900,0.642200,0.971698,0.000000,0.000000,0.000000,0.965500,0.027500,0.029851,0.014000,0.053800,0.023235,0.069942,0.070000,0.647900,0.644400,1.000000,0.000000,0.000000,0.000000,0.968750,0.050000,0.032536
2048,1000,0.013133,0.050400,0.039857,0.075312,0.060633,0.643400,0.643033,0.991984,0.000000,0.000000,0.000000,0.977583,0.040000,0.059533,0.012600,0.048000,0.036706,0.069942,0.056300,0.641400,0.642200,0.986974,0.000000,0.000000,0.000000,0.975250,0.030000,0.057291,0.014000,0.053200,0.043519,0.082927,0.064800,0.645100,0.644400,0.997996,0.000000,0.000000,0.000000,0.980000,0.052500,0.063153
2048,10000,0.013133,0.050300,0.050279,0.085147,0.061200,0.642900,0.643033,0.990147,0.000000,0.000000,0.000000,0.984750,0.001667,0.044122,0.012600,0.047900,0.045917,0.080006,0.057300,0.641900,0.642200,0.989768,0.000000,0.000000,0.000000,0.982750,0.000000,0.042534,0.014000,0.053000,0.055194,0.092509,0.066200,0.644700,0.644400,0.990905,0.000000,0.000000,0.000000,0.986250,0.002500,0.047168
2048,100000,0.013133,0.050300,0.057651,0.091014,0.061200,0.642833,0.643033,0.989617,0.000000,0.000000,0.000000,0.997917,0.000000,0.006702,0.012600,0.047900,0.053142,0.088967,0.057600,0.642100,0.642200,0.989180,0.000000,0.000000,0.000000,0.997500,0.000000,0.006266,0.014000,0.053000,0.063238,0.094520,0.066100,0.644000,0.644400,0.990480,0.000000,0.000000,0.000000,0.998500,0.000000,0.007393
2048,920000,0.013133,0.050300,0.061655,0.095370,0.061367,0.643033,0.643033,0.989970,0.000000,0.000000,0.000000,1.000000,0.000000,0.006280,0.012600,0.047900,0.057340,0.089262,0.058000,0.642400,0.642200,0.989291,0.000000,0.000000,0.000000,1.000000,0.000000,0.005057,0.014000,0.053000,0.066682,0.105310,0.066000,0.644100,0.644400,0.990803,0.000000,0.000000,0.000000,1.000000,0.000000,0.007373
4096,100,0.009300,0.035967,0.016177,0.048226,0.048300,0.652700,0.650467,0.996855,0.000000,0.000000,0.000000,0.982750,0.019167,0.016969,0.009000,0.035100,0.013617,0.043138,0.043200,0.652500,0.650300,0.990566,0.000000,0.000000,0.000000,0.981500,0.015000,0.015896,0.009600,0.037100,0.019331,0.053139,0.053200,0.652800,0.650800,1.000000,0.000000,0.000000,0.000000,0.985000,0.022500,0.017541
4096,1000,0.009333,0.036233,0.029615,0.059760,0.048333,0.649133,0.650467,0.987642,0.000000,0.000000,0.000000,0.991250,0.011667,0.030290,0.009100,0.035700,0.028393,0.055987,0.045200,0.648800,0.650300,0.984970,0.000000,0.000000,0.000000,0.989000,0.007500,0.029618,0.009500,0.037000,0.031466,0.065678,0.051100,0.649500,0.650800,0.988978,0.000000,0.000000,0.000000,0.993500,0.015000,0.030634
4096,10000,0.009367,0.036233,0.038187,0.063680,0.049100,0.649600,0.650467,0.987357,0.000000,0.000000,0.000000,0.997167,0.000000,0.016528,0.009200,0.035700,0.037070,0.061701,0.047600,0.649000,0.650300,0.985118,0.000000,0.000000,0.000000,0.997000,0.000000,0.016089,0.009500,0.036900,0.039360,0.065678,0.050100,0.650000,0.650800,0.988735,0.000000,0.000000,0.000000,0.997250,0.000000,0.016811
4096,100000,0.009333,0.036133,0.043471,0.073113,0.048933,0.649933,0.650467,0.988472,0.000000,0.000000,0.000000,1.000000,0.000000,0.001962,0.009100,0.035600,0.042705,0.068259,0.047400,0.649600,0.650300,0.986478,0.000000,0.000000,0.000000,1.000000,0.000000,0.001587,0.009500,0.036900,0.044557,0.077065,0.049900,0.650100,0.650800,0.989469,0.000000,0.000000,0.000000,1.000000,0.000000,0.002183
4096,920000,0.009367,0.036200,0.046258,0.077340,0.048833,0.650000,0.650467,0.988614,0.000000,0.000000,0.000000,1.000000,0.000000,0.000201,0.009200,0.035600,0.045710,0.070518,0.047300,0.649700,0.650300,0.986249,0.000000,0.000000,0.000000,1.000000,0.000000,0.000047,0.009500,0.037000,0.047073,0.083056,0.049700,0.650200,0.650800,0.989969,0.000000,0.000000,0.000000,1.000000,0.000000,0.000492
8192,100,0.006900,0.026133,0.013278,0.035006,0.035067,0.657700,0.655333,1.000000,0.000000,0.000000,0.000000,0.993083,0.004167,0.007727,0.006400,0.025000,0.010781,0.034039,0.034100,0.655300,0.654300,1.000000,0.000000,0.000000,0.000000,0.991500,0.000000,0.006915,0.007600,0.027500,0.017693,0.036056,0.036100,0.660700,0.657100,1.000000,0.000000,0.000000,0.000000,0.994000,0.007500,0.008734
8192,1000,0.006867,0.026233,0.021389,0.037080,0.034033,0.655967,0.655333,0.991984,0.000000,0.000000,0.000000,0.997833,0.001667,0.010542,0.006500,0.025100,0.019368,0.035615,0.032100,0.654100,0.654300,0.986974,0.000000,0.000000,0.000000,0.997750,0.000000,0.009298,0.007500,0.027800,0.025034,0.039474,0.036600,0.658200,0.657100,0.994990,0.000000,0.000000,0.000000,0.998000,0.002500,0.012034
8192,10000,0.006867,0.026167,0.027265,0.044262,0.033433,0.655133,0.655333,0.989321,0.000000,0.000000,0.000000,0.999667,0.000000,0.002961,0.006500,0.025000,0.025062,0.043249,0.031400,0.654000,0.654300,0.987391,0.000000,0.000000,0.000000,0.999250,0.000000,0.002654,0.007500,0.027800,0.030769,0.045464,0.036600,0.657200,0.657100,0.990699,0.000000,0.000000,0.000000,1.000000,0.000000,0.003536
8192,100000,0.006867,0.026133,0.031229,0.050228,0.033667,0.655367,0.655333,0.990342,0.000000,0.000000,0.000000,1.000000,0.000000,0.000317,0.006500,0.024900,0.028935,0.046662,0.031200,0.654400,0.654300,0.989201,0.000000,0.000000,0.000000,1.000000,0.000000,0.000243,0.007500,0.027800,0.034154,0.056305,0.036500,0.657300,0.657100,0.991243,0.000000,0.000000,0.000000,1.000000,0.000000,0.000425
8192,920000,0.006867,0.026133,0.033171,0.053274,0.033700,0.655333,0.655333,0.990264,0.000000,0.000000,0.000000,1.000000,0.000000,0.000003,0.006500,0.024900,0.031128,0.050266,0.031300,0.654300,0.654300,0.989046,0.000000,0.000000,0.000000,1.000000,0.000000,0.000000,0.007500,0.027800,0.035765,0.056305,0.036500,0.657300,0.657100,0.991188,0.000000,0.000000,0.000000,1.000000,0.000000,0.000009
