nprobes,refine_factor,queries,recall_at_10,recall_at_10_p05,queries_with_any_miss,related_missed,related_in_exact_top10,unrelated_above_t_index_score,mean_abs_score_error,max_abs_score_error,median_latency_ms
10,,400,0.78100,0.50000,0.99750,0,4000,0,0.11598,0.37069,3.62402
10,10,400,0.91250,0.70000,0.59000,0,4000,0,0.00000,0.00000,4.47750
10,50,400,0.95950,0.80000,0.28000,0,4000,0,0.00000,0.00000,7.01608
20,,400,0.78075,0.50000,0.99750,0,4000,0,0.11598,0.37069,5.86735
20,10,400,0.91350,0.70000,0.60500,0,4000,0,0.00000,0.00000,6.75494
20,50,400,0.98375,0.90000,0.10750,0,4000,0,0.00000,0.00000,9.39375
50,,400,0.78075,0.50000,0.99750,0,4000,0,0.11598,0.37069,12.70031
50,10,400,0.91350,0.70000,0.60500,0,4000,0,0.00000,0.00000,13.69552
50,50,400,0.99500,1.00000,0.04000,0,4000,0,0.00000,0.00000,16.29254
100,,400,0.78075,0.50000,0.99750,0,4000,0,0.11598,0.37069,23.95490
100,10,400,0.91350,0.70000,0.60500,0,4000,0,0.00000,0.00000,25.41963
100,50,400,0.99600,1.00000,0.03750,0,4000,0,0.00000,0.00000,28.85525
