dimension,n,k,count,predicted_mean,predicted_std,expected_zero_at_or_above_half_mu1,expected_zero_at_or_above_mu1,max_reference,mean_seed_mean,std_seed_mean,max_seed_mean,zero_at_or_above_half_mu1_seed_mean,zero_at_or_above_mu1_seed_mean,mean_seed_min,std_seed_min,max_seed_min,zero_at_or_above_half_mu1_seed_min,zero_at_or_above_mu1_seed_min,mean_seed_max,std_seed_max,max_seed_max,zero_at_or_above_half_mu1_seed_max,zero_at_or_above_mu1_seed_max
512,10000,0,840459,0.0,0.044194173824159216,10130.874611616548,2.080800591057568,0.2109375,0.000729507503232887,0.04438562034557806,0.21105502217966024,10549.0,2.6666666666666665,-0.0003320676114424973,0.04404603277917271,0.2090032154340836,9777,2,0.0022261558745825237,0.0448261670547522,0.21348342108365853,11131,4
512,10000,1,152116,0.2,,,,,0.20041152611629143,0.04150441016074074,0.3694887189004145,0.0,0.0,0.199054513310826,0.040797179750715264,0.36029746615465674,0,0,0.2022844702269155,0.04248708166414035,0.37847245146850755,0,0
512,10000,2,7241,0.4,,,,,0.4002313642726493,0.03545220151584427,0.5172630554189189,0.0,0.0,0.3980726587964979,0.03498581088036093,0.5127883758478975,0,0,0.40240759362515877,0.03591884404269706,0.52427377644138,0,0
512,10000,3,84,0.6,,,,,0.601818686314496,0.02591392285608671,0.6556262785710025,0.0,0.0,0.5990247650038525,0.02508787456633462,0.6512319101472853,0,0,0.6048301970733616,0.027331126437202466,0.6579878428626273,0,0
512,10000,4,0,0.8,,,,,NaN,NaN,,0.0,0.0,NaN,NaN,,0,0,NaN,NaN,,0,0
512,10000,5,0,1.0,,,,,NaN,NaN,,0.0,0.0,NaN,NaN,,0,0,NaN,NaN,,0,0
512,100000,0,8413087,0.0,0.044194173824159216,101411.16877042333,20.829042704306506,0.23046875,0.0007072308737154026,0.04437431915765461,0.23687617056803878,105573.33333333333,28.666666666666668,-0.0004255539377134694,0.04403362555758426,0.23361785870242147,97340,21,0.0022987986437298822,0.04480120622839226,0.2391746953444665,113879,33
512,100000,1,1513545,0.2,,,,,0.20039202102004317,0.04144825510900887,0.39607433957690036,0.0,0.0,0.19919894069342411,0.04077544309374218,0.3937756266227406,0,0,0.20227560136404554,0.042452200954455385,0.3986756184851411,0,0
512,100000,2,72385,0.4,,,,,0.400399161087718,0.03521912889957859,0.5404940169515776,0.0,0.0,0.39826887339068506,0.03468406099079978,0.5291502622129182,0,0,0.40261009369086176,0.03620439224628603,0.5481501665086258,0,0
512,100000,3,879,0.6,,,,,0.6008811159611258,0.025550698719596508,0.6820562280376529,0.0,0.0,0.5998336728903599,0.02541018558084091,0.6766506625597675,0,0,0.6017687056402942,0.025778058753101428,0.6890166854536658,0,0
512,100000,4,4,0.8,,,,,0.7946663602563246,0.013437636425280211,0.8137468096890562,0.0,0.0,0.7877051165409839,0.009127444070249917,0.8118524974476216,0,0,0.7997202506477268,0.018876053578295776,0.8151163158710203,0,0
512,100000,5,0,1.0,,,,,NaN,NaN,,0.0,0.0,NaN,NaN,,0,0,NaN,NaN,,0,0
512,1000000,0,84133994,0.0,0.044194173824159216,1014149.3443326788,208.29816141326808,0.25,0.000703622217706092,0.0443758558766571,0.24838454139519642,1057178.0,286.3333333333333,-0.00043979171317595815,0.04407050135537283,0.2391746953444665,982244,271,0.002314793470234932,0.044789654636951816,0.2553767601646773,1136981,297
512,1000000,1,15137069,0.2,,,,,0.20037365758491388,0.04144377884865475,0.4145130375495875,0.0,0.0,0.19914387232026934,0.0407625124686659,0.4129341951878472,0,0,0.20230178198093615,0.042459568205964124,0.4159955189135576,0,0
512,1000000,2,719912,0.4,,,,,0.4003833746883523,0.035176679054144074,0.5591580612335654,0.0,0.0,0.3982196704342208,0.03466250285066855,0.5394166331897496,0,0,0.4025813107948534,0.0360330881049193,0.5803697842525049,0,0
512,1000000,3,8887,0.6,,,,,0.6008453673216837,0.02574029647672303,0.6861922024060644,0.0,0.0,0.598846175413203,0.025446785534434704,0.6842161782208183,0,0,0.6028077816858651,0.025917105616424945,0.6890166854536658,0,0
512,1000000,4,38,0.8,,,,,0.8002738114237755,0.013330404064849035,0.8325639800985133,0.0,0.0,0.797912069676195,0.011189781902342029,0.8272380851543331,0,0,0.8032527274619616,0.014764942560025711,0.8401541783113665,0,0
512,1000000,5,0,1.0,,,,,NaN,NaN,,0.0,0.0,NaN,NaN,,0,0,NaN,NaN,,0,0
2048,10000,0,840459,0.0,0.022097086912079608,2.437770361831645,5.102842416770992e-14,0.10546875,-0.0002824587701379839,0.022192755124058706,0.10368632065528016,2.3333333333333335,0.0,-0.0009562731071213324,0.022061234266850166,0.10024363552733928,1,0,0.0009647532058847124,0.02227376546453575,0.10825154683754949,3,0
2048,10000,1,152116,0.2,,,,,0.19891123990122983,0.020510408716267553,0.2916145953446662,0.0,0.0,0.19830744430586142,0.02036781132506115,0.28404317496540227,0,0,0.1999574916904426,0.020664959997647586,0.3055053058050246,0,0
2048,10000,2,7241,0.4,,,,,0.3989537807674461,0.017573539036182632,0.467163983563694,0.0,0.0,0.39726049619230447,0.017370305144141743,0.4629425709709913,0,0,0.40073524257902876,0.017693722969396503,0.47003443705546794,0,0
2048,10000,3,84,0.6,,,,,0.6002162843789045,0.012073033375361447,0.6287986404473664,0.0,0.0,0.5977554892317235,0.010926957362049593,0.6241426948878428,0,0,0.6037234479532563,0.01315768821974401,0.6367912367040899,0,0
2048,10000,4,0,0.8,,,,,NaN,NaN,,0.0,0.0,NaN,NaN,,0,0,NaN,NaN,,0,0
2048,10000,5,0,1.0,,,,,NaN,NaN,,0.0,0.0,NaN,NaN,,0,0,NaN,NaN,,0,0
2048,100000,0,8413087,0.0,0.022097086912079608,24.40234935923241,5.108001365870865e-13,0.115234375,-0.00034339539380611497,0.022169969672698867,0.11277932807111535,25.0,0.0,-0.0010261581634273807,0.02202949401153121,0.10896753237632768,16,0,0.0009093584208782375,0.022264907717307877,0.11618225749362485,33,0
2048,100000,1,1513545,0.2,,,,,0.19896898353249495,0.02056378831488587,0.30022249541553236,0.0,0.0,0.19832001339055927,0.020476631928602648,0.29511408180181903,0,0,0.20008127580230292,0.020668646827162535,0.3055053058050246,0,0
2048,100000,2,72385,0.4,,,,,0.39896082769794,0.017553985652094404,0.47186743545038007,0.0,0.0,0.3971685509884541,0.017370706634021776,0.46851494266462274,0,0,0.40087842645225824,0.01767795982975896,0.4785523592825143,0,0
2048,100000,3,879,0.6,,,,,0.5996549031770962,0.012842925735950106,0.6360234272152856,0.0,0.0,0.5980547689416815,0.01247412559302301,0.6292505742980526,0,0,0.6018798464107821,0.013160143490893658,0.6441815248835678,0,0
2048,100000,4,4,0.8,,,,,0.7991963754415091,0.007607561683561882,0.8108838530154562,0.0,0.0,0.7990383011843097,0.0012794206015911008,0.8008065278727173,0,0,0.7993013450709363,0.010987312016366614,0.8176776578909181,0,0
2048,100000,5,0,1.0,,,,,NaN,NaN,,0.0,0.0,NaN,NaN,,0,0,NaN,NaN,,0,0
2048,1000000,0,84133994,0.0,0.022097086912079608,244.0325548250676,5.1081910393672525e-12,0.1240234375,-0.0003511354300113954,0.022168119070300005,0.12015885670735316,245.0,0.0,-0.001024166531746456,0.02202731283887726,0.11844001921691422,162,0,0.000896229786638738,0.0222565070119685,0.12248768419598699,350,0
2048,1000000,1,15137069,0.2,,,,,0.19896478373281934,0.02057508433835226,0.30693554569411297,0.0,0.0,0.19835124059245604,0.020497681667525944,0.3021169749850586,0,0,0.20006105884646255,0.020663762815165715,0.3138037505781896,0,0
2048,1000000,2,719912,0.4,,,,,0.39892791257552096,0.01754699394539634,0.4804111080664876,0.0,0.0,0.3971012812465695,0.017347665825070618,0.4787843669880695,0,0,0.4009308174987231,0.017648955765151145,0.48254760658486073,0,0
2048,1000000,3,8887,0.6,,,,,0.5992393308556802,0.012961796510715773,0.6513723988646521,0.0,0.0,0.5970815892777195,0.012932888170212379,0.6489275344957982,0,0,0.6013044656257215,0.012984596255762756,0.653950155668425,0,0
2048,1000000,4,38,0.8,,,,,0.7989049512756874,0.007294880539839289,0.8139607612701245,0.0,0.0,0.7973185311681691,0.006416461748244853,0.807193170890165,0,0,0.8002069317880666,0.007811103944556178,0.817720542980962,0,0
2048,1000000,5,0,1.0,,,,,NaN,NaN,,0.0,0.0,NaN,NaN,,0,0,NaN,NaN,,0,0
4096,10000,0,840459,0.0,0.015625,0.00006710402654824875,4.119822774749474e-32,0.07421875,-0.0003828108186462801,0.01562531092159518,0.07244544210468465,0.0,0.0,-0.0010382133826497353,0.015476294726582247,0.07040068170508669,0,0,0.00034163456810343783,0.0157050598680578,0.0754715231279828,0,0
4096,10000,1,152116,0.2,,,,,0.19984587447120428,0.01450975520106952,0.2608496807667155,0.0,0.0,0.1990504277934405,0.014407544195651033,0.2571635601859939,0,0,0.20093503368395654,0.014613520390261578,0.2657809904483783,0,0
4096,10000,2,7241,0.4,,,,,0.39991032363562135,0.01233798855863688,0.4430292908386333,0.0,0.0,0.39904394998761683,0.012214759296126743,0.4408992878559351,0,0,0.4013797730683116,0.012531889044048915,0.44617285080866265,0,0
4096,10000,3,84,0.6,,,,,0.6007231720043927,0.008949186751569436,0.6209994809906096,0.0,0.0,0.5991951917941605,0.008621767837058059,0.619213085293991,0,0,0.6029017809612783,0.009303745473816337,0.6230621284715079,0,0
4096,10000,4,0,0.8,,,,,NaN,NaN,,0.0,0.0,NaN,NaN,,0,0,NaN,NaN,,0,0
4096,10000,5,0,1.0,,,,,NaN,NaN,,0.0,0.0,NaN,NaN,,0,0,NaN,NaN,,0,0
4096,100000,0,8413087,0.0,0.015625,0.000671718683958083,4.123987895727065e-31,0.0810546875,-0.00036601624840524536,0.015625605310347932,0.08028481415332157,0.0,0.0,-0.0009595158342829305,0.015485102769524889,0.07858398540322699,0,0,0.0003293051506649143,0.01570065581521926,0.08171087079491528,0,0
4096,100000,1,1513545,0.2,,,,,0.19985614889191924,0.014495804480121123,0.2709335834085332,0.0,0.0,0.19910867900762577,0.014390526309154515,0.2687281663410734,0,0,0.20094973754041673,0.014575809673344823,0.2736347263365495,0,0
4096,100000,2,72385,0.4,,,,,0.3998621781331331,0.012430321190464786,0.45365378637281967,0.0,0.0,0.3991632443617436,0.012212306701522463,0.45253306413120215,0,0,0.40114598658806905,0.012653150309690104,0.4556592399381027,0,0
4096,100000,3,879,0.6,,,,,0.600020836120205,0.009179755047071083,0.6290311626536905,0.0,0.0,0.5992261720080799,0.008881643527649169,0.6264198037548412,0,0,0.6012010994063977,0.009430226451040628,0.6323418626896419,0,0
4096,100000,4,4,0.8,,,,,0.80168003041635,0.004505828814303097,0.80854748604007,0.0,0.0,0.7988347438123415,0.0024841704990684376,0.805993037368895,0,0,0.803156670592698,0.006131947895646938,0.8111979631234457,0,0
4096,100000,5,0,1.0,,,,,NaN,NaN,,0.0,0.0,NaN,NaN,,0,0,NaN,NaN,,0,0
4096,1000000,0,84133994,0.0,0.015625,0.0067174362663570755,4.124141030220815e-30,0.087890625,-0.00035984713178312174,0.015626353256879697,0.08427952852014788,0.0,0.0,-0.0009540567645284346,0.015484149271441669,0.08262126294400074,0,0,0.00033985348223385543,0.015704146443013555,0.08629442364915844,0,0
4096,1000000,1,15137069,0.2,,,,,0.19987700278807732,0.01449591037850928,0.28011284494795247,0.0,0.0,0.1991173437859794,0.01438767459846157,0.27683714145608584,0,0,0.2009728690275475,0.014573819066775453,0.28625396669993175,0,0
4096,1000000,2,719912,0.4,,,,,0.39990924664715477,0.012442705253709682,0.45799765019051963,0.0,0.0,0.39920076120093845,0.012235631587459163,0.4556592399381027,0,0,0.40120972696388085,0.012658389232373357,0.46130251373532893,0,0
4096,1000000,3,8887,0.6,,,,,0.5999165491335471,0.00928181984169858,0.6355285980888103,0.0,0.0,0.5992608419765673,0.00905604366597609,0.6296359476789035,0,0,0.6010129646255797,0.009697077080618063,0.6396482503664721,0,0
4096,1000000,4,38,0.8,,,,,0.7996377754278222,0.004192044198255051,0.809697623704633,0.0,0.0,0.7986873534434508,0.0038963276820805975,0.8086558953270873,0,0,0.8009443994846732,0.004544741317120467,0.8111979631234457,0,0
4096,1000000,5,0,1.0,,,,,NaN,NaN,,0.0,0.0,NaN,NaN,,0,0,NaN,NaN,,0,0
8192,10000,0,840459,0.0,0.011048543456039804,5.674717336988345e-14,3.771154890453449e-68,0.05224609375,0.000038562957721612805,0.011149915518983387,0.0533000230559936,0.0,0.0,-0.00027861963932429253,0.01105636361911383,0.049778610215568,0,0,0.00047683207355044807,0.011242401089041858,0.055423543262512524,0,0
8192,10000,1,152116,0.2,,,,,0.20003138584947378,0.010318822337232395,0.24585155958024577,0.0,0.0,0.19991241435472223,0.01026110813464987,0.24350437717317142,0,0,0.20016163522364702,0.010423618516836462,0.24959941880534026,0,0
8192,10000,2,7241,0.4,,,,,0.40017039825409273,0.00864802242460122,0.4326260484863163,0.0,0.0,0.3998408144425793,0.00856179836657103,0.4304676500183134,0,0,0.4004841303543392,0.008747786376342279,0.43489804470867743,0,0
8192,10000,3,84,0.6,,,,,0.5996411921918393,0.0064518531595804405,0.6149831078585061,0.0,0.0,0.5984523778565768,0.006223280788156781,0.6111975980736019,0,0,0.6004617845752432,0.006815473276178592,0.6205889525940033,0,0
8192,10000,4,0,0.8,,,,,NaN,NaN,,0.0,0.0,NaN,NaN,,0,0,NaN,NaN,,0,0
8192,10000,5,0,1.0,,,,,NaN,NaN,,0.0,0.0,NaN,NaN,,0,0,NaN,NaN,,0,0
8192,100000,0,8413087,0.0,0.011048543456039804,5.68045444887749e-13,3.7749675098797607e-67,0.057373046875,7.90542589133025e-6,0.01115673469109002,0.058631835156775204,0.0,0.0,-0.00030415701526763405,0.011045993326426772,0.05725960940592448,0,0,0.00046077616991462695,0.011257088274527455,0.06029485213509466,0,0
8192,100000,1,1513545,0.2,,,,,0.2000170938601192,0.010332472382066537,0.24952187303870152,0.0,0.0,0.19987917297545477,0.010269013349983964,0.2467348503700497,0,0,0.2001689369046568,0.010425514546821993,0.2520211031828102,0,0
8192,100000,2,72385,0.4,,,,,0.4001150299258623,0.008680436498461336,0.43685951548546,0.0,0.0,0.3998208959062144,0.008589295227311269,0.43489804470867743,0,0,0.4004192023237365,0.008766578119997278,0.4381070180361511,0,0
8192,100000,3,879,0.6,,,,,0.6001054017848481,0.006460937275255578,0.6197354595167663,0.0,0.0,0.5999545630415899,0.006196336954412094,0.6186828959734617,0,0,0.6003582683099841,0.0066272494570896985,0.6205889525940033,0,0
8192,100000,4,4,0.8,,,,,0.8006054689493608,0.003523428692482703,0.8046016463604678,0.0,0.0,0.799123423596111,0.0019912030707381553,0.8030234594374395,0,0,0.8026352397466299,0.005157746648974587,0.8063126554117513,0,0
8192,100000,5,0,1.0,,,,,NaN,NaN,,0.0,0.0,NaN,NaN,,0,0,NaN,NaN,,0,0
8192,1000000,0,84133994,0.0,0.011048543456039804,5.680665379059221e-12,3.7751076843306e-66,0.06201171875,0.00001788059874272367,0.01115772573849526,0.06191481571133134,0.0,0.0,-0.00029316689941839336,0.011045279721639432,0.06054386884152463,0,0,0.0004712715921256189,0.011257924865254771,0.0633934411826597,0,0
8192,1000000,1,15137069,0.2,,,,,0.20001450124910514,0.010333509765076361,0.25459214706105154,0.0,0.0,0.19988777997975601,0.010271578687961072,0.25297431862969993,0,0,0.2001632354711508,0.010420760141378937,0.2555227053932207,0,0
8192,1000000,2,719912,0.4,,,,,0.400102886349627,0.008676220449152169,0.44138686332094207,0.0,0.0,0.39981498576435187,0.00859611053730697,0.4404974076019233,0,0,0.4003892285974852,0.00874808358236934,0.4422158288750903,0,0
8192,1000000,3,8887,0.6,,,,,0.6001527240458703,0.006433798005300133,0.6249825235456288,0.0,0.0,0.5997653445839446,0.006264353197851888,0.6238070688352341,0,0,0.6004640805871421,0.006674971879954038,0.6268390656642686,0,0
8192,1000000,4,38,0.8,,,,,0.8003950934009696,0.0031097977761785967,0.8074692657542433,0.0,0.0,0.7997709199849347,0.002985106111788014,0.8063126554117513,0,0,0.800728493995617,0.003181305967670039,0.8091956703767266,0,0
8192,1000000,5,0,1.0,,,,,NaN,NaN,,0.0,0.0,NaN,NaN,,0,0,NaN,NaN,,0,0
10000,10000,0,840459,0.0,0.01,6.518028730674001e-18,7.313807183769299e-84,0.0474,0.00006634688709327331,0.009964502364574631,0.048052412982150655,0.0,0.0,-0.000049299000922174294,0.009811742725467377,0.04768916954744241,0,0,0.00012476356440921846,0.01010626209926538,0.04841592265362409,0,0
10000,10000,1,152116,0.2,,,,,0.19968336780718776,0.009301852273057546,0.2391186236839332,0.0,0.0,0.1996288918863496,0.009131349066882347,0.23766853458714068,0,0,0.19972606847916136,0.009424088204104758,0.24078583963576516,0,0
10000,10000,2,7241,0.4,,,,,0.3994623730617093,0.007895618006344288,0.42721775314823235,0.0,0.0,0.3993463857426095,0.007698069066709998,0.4259759021243306,0,0,0.39953647846156537,0.008015751179280012,0.42820499181421556,0,0
10000,10000,3,84,0.6,,,,,0.5998548706951493,0.006045723471100438,0.6138296335187318,0.0,0.0,0.5995558983629851,0.005669781702848446,0.6123848900168579,0,0,0.6000198794920081,0.006279961121503047,0.6156568093483278,0,0
10000,10000,4,0,0.8,,,,,NaN,NaN,,0.0,0.0,NaN,NaN,,0,0,NaN,NaN,,0,0
10000,10000,5,0,1.0,,,,,NaN,NaN,,0.0,0.0,NaN,NaN,,0,0,NaN,NaN,,0,0
10000,100000,0,8413087,0.0,0.01,6.52461842631942e-17,7.32120140759705e-83,0.0518,0.00005902463383536462,0.009967685355992078,0.05060656630116206,0.0,0.0,-0.00003498153506482386,0.009818180666797115,0.050094719676272326,0,0,0.00010997440959370422,0.010101458468547429,0.05127950388583794,0,0
10000,100000,1,1513545,0.2,,,,,0.19969974031682014,0.009290375315947256,0.2420381092412883,0.0,0.0,0.19968637813888573,0.00911493221873045,0.2418087409864173,0,0,0.19971808055879278,0.009412920296018604,0.24237037009422,0,0
10000,100000,2,72385,0.4,,,,,0.39947138489735295,0.007924429035570378,0.4319884162423797,0.0,0.0,0.39941306461833054,0.007785120626514369,0.43122628143950714,0,0,0.39957472656754395,0.008013485347761525,0.4324721715317674,0,0
10000,100000,3,879,0.6,,,,,0.5996814353883778,0.005815361864801108,0.6182540069038797,0.0,0.0,0.5994362198830716,0.005620416325696407,0.6162554600733774,0,0,0.5999807215591167,0.006007297100538578,0.6207528487029387,0,0
10000,100000,4,4,0.8,,,,,0.7992458195909271,0.0014934576167545354,0.8011883102246876,0.0,0.0,0.7961591326275428,0.0008126253859497925,0.7987501146808854,0,0,0.8020420294384883,0.0021315956115940575,0.8043980736671299,0,0
10000,100000,5,0,1.0,,,,,NaN,NaN,,0.0,0.0,NaN,NaN,,0,0,NaN,NaN,,0,0
10000,1000000,0,84133994,0.0,0.01,6.524860702525096e-16,7.321473263019411e-82,0.056,0.00005907155938449949,0.009969463456453116,0.05390125367513706,0.0,0.0,-0.00002828345863710888,0.009819540243236755,0.05287659621042673,0,0,0.0001029611095156668,0.010106149606870358,0.05589095248050012,0,0
10000,1000000,1,15137069,0.2,,,,,0.19970691079805428,0.009289619392753612,0.2479850399016097,0.0,0.0,0.19969603343590886,0.009113086654847828,0.24589991406003417,0,0,0.19971620972226145,0.009417953675445248,0.24944796133953023,0,0
10000,1000000,2,719912,0.4,,,,,0.3994856361757635,0.007910197172247243,0.43600814552522255,0.0,0.0,0.3994181475425277,0.007763948987662202,0.4333950901643361,0,0,0.39958424023898914,0.007998088459188084,0.4386640282060814,0,0
10000,1000000,3,8887,0.6,,,,,0.5996745867433475,0.005888960878072332,0.6207306572215013,0.0,0.0,0.5995814171256827,0.005818828271562157,0.6177706834263135,0,0,0.5997341535987177,0.00594891207772054,0.6222461944124879,0,0
10000,1000000,4,38,0.8,,,,,0.7997217671475333,0.002809386296357408,0.8062960360752639,0.0,0.0,0.7986980669856344,0.0025141957742012178,0.804581235078928,0,0,0.8003516726822424,0.0029954279029507894,0.8090453386004588,0,0
10000,1000000,5,0,1.0,,,,,NaN,NaN,,0.0,0.0,NaN,NaN,,0,0,NaN,NaN,,0,0
