dimension,k,count,predicted_mean,mean_seed_mean,mean_seed_min,mean_seed_max,predicted_std,std_seed_mean,std_seed_min,std_seed_max,max_seed_mean,max_seed_min,max_seed_max,max_reference
512,0,84133994,0.0,0.0007531089490662161,-0.00009488319719791265,0.0020611713515585627,0.04419417382415922,0.04431762344555964,0.044110085855753364,0.04462955901062679,0.25,0.234375,0.2578125,0.25
512,1,15137069,0.140625,0.14101051589671465,0.13991614956344917,0.1424397234282938,0.043755013314882525,0.044022636340113296,0.04347913806443364,0.044568886199141004,,,,
512,2,719912,0.28125,0.28168015601791146,0.27970823170054115,0.2830083203745736,0.04241025537228216,0.04286011654873952,0.04249979437690106,0.0434544468596711,,,,
2048,0,84133994,0.0,-0.00021788838393882936,-0.0005693767542960993,0.0004005342465785887,0.02209708691207961,0.022043017779387816,0.022000949385568586,0.022067516803014723,0.12239583333333333,0.1201171875,0.126953125,0.1240234375
2048,1,15137069,0.140625,0.1397168624328379,0.13899786506978745,0.14065835432498525,0.021877506657441263,0.021911118759745038,0.02185683651459716,0.022011315566038834,,,,
2048,2,719912,0.28125,0.2801334373882965,0.27908792205245225,0.28172099398086153,0.02120512768614108,0.021216347754491164,0.02102864232557942,0.02140104167209328,,,,
4096,0,84133994,0.0,-0.0002671300934517325,-0.0006825240591532627,0.00014850824503678025,0.015625,0.015589518805167025,0.015444886642796456,0.015687949083942814,0.0927734375,0.08837890625,0.095703125,0.087890625
4096,1,15137069,0.140625,0.14059913851238995,0.13980439689124055,0.1415375446909917,0.015469733312930554,0.015439336707426482,0.015386151854923162,0.015514246428314116,,,,
4096,2,719912,0.28125,0.28130967752323083,0.2802507859413286,0.2827343794221985,0.014994289582796961,0.015055331177071028,0.014947673665389809,0.015222133824389243,,,,
8192,0,84133994,0.0,-0.0000401994521054068,-0.0002881040450087348,0.00024908526375126683,0.011048543456039806,0.011110763704591705,0.011071293219320445,0.01114381928709891,0.060709635416666664,0.060302734375,0.06103515625,0.06201171875
8192,1,15137069,0.140625,0.14049000609137904,0.14033973831037527,0.14067231959861562,0.010938753328720631,0.010949288053106467,0.01089922493696933,0.01099578797924202,,,,
8192,2,719912,0.28125,0.28116646317861593,0.2808132770399585,0.2813785428646574,0.01060256384307054,0.010544687919039173,0.01030711056997093,0.010674341903208734,,,,
10000,0,84133994,0.0,-0.000012553831689007894,-0.00007701643642402143,0.000048095945617415954,0.01,0.00999613430488669,0.009954369318282747,0.010057698301258092,0.057466666666666666,0.0552,0.0612,0.056
10000,1,15137069,0.140625,0.14040020235973907,0.14026244865502033,0.14061785860921952,0.009900629320275555,0.009949425983486852,0.009834429831629627,0.01012347932884208,,,,
10000,2,719912,0.28125,0.28085744739171825,0.2806210692417962,0.28111397865294646,0.009596345332990055,0.009621625412661079,0.009488796465399754,0.009830669237158064,,,,
