dimension,seed,n,pairs,unrelated_pairs,highest_unrelated,threshold_1,false_pairs_1,searches_with_false_1,true_pairs_1,misses_1,threshold_2,false_pairs_2,searches_with_false_2,true_pairs_2,misses_2
2048,0,4000,7998000,6728199,0.12658775952307522,0.13171486815209366,0,0,1269801,611,0.33171486815209367,0,0,58207,4
2048,0,13000,84493500,71089122,0.12658775952307522,0.13171486815209366,0,0,13404378,6089,0.33171486815209367,0,0,616358,31
2048,0,40000,799980000,673067631,0.12732543776079155,0.13171486815209366,0,0,126912369,57417,0.33171486815209367,0,0,5832105,391
2048,1,4000,7998000,6728199,0.10430504894293748,0.13171486815209366,0,0,1269801,517,0.33171486815209367,0,0,58207,1
2048,1,13000,84493500,71089122,0.12065867301583137,0.13171486815209366,0,0,13404378,5302,0.33171486815209367,0,0,616358,36
2048,1,40000,799980000,673067631,0.12748142317450725,0.13171486815209366,0,0,126912369,51748,0.33171486815209367,0,0,5832105,342
2048,2,4000,7998000,6728199,0.10763500009041878,0.13171486815209366,0,0,1269801,424,0.33171486815209367,0,0,58207,9
2048,2,13000,84493500,71089122,0.12399229836508789,0.13171486815209366,0,0,13404378,4897,0.33171486815209367,0,0,616358,36
2048,2,40000,799980000,673067631,0.13753463177805098,0.13171486815209366,3,6,126912369,47227,0.33171486815209367,0,0,5832105,347
2048,3,4000,7998000,6728199,0.11303477713263273,0.13171486815209366,0,0,1269801,714,0.33171486815209367,0,0,58207,4
2048,3,13000,84493500,71089122,0.12568002743362536,0.13171486815209366,0,0,13404378,7030,0.33171486815209367,0,0,616358,42
2048,3,40000,799980000,673067631,0.13397508677152392,0.13171486815209366,2,4,126912369,67203,0.33171486815209367,0,0,5832105,477
2048,4,4000,7998000,6728199,0.1151369635695247,0.13171486815209366,0,0,1269801,522,0.33171486815209367,0,0,58207,4
2048,4,13000,84493500,71089122,0.12577414868480377,0.13171486815209366,0,0,13404378,5977,0.33171486815209367,0,0,616358,45
2048,4,40000,799980000,673067631,0.13713374765007869,0.13171486815209366,3,6,126912369,56594,0.33171486815209367,0,0,5832105,399
2048,5,4000,7998000,6728199,0.11706959154960898,0.13171486815209366,0,0,1269801,971,0.33171486815209367,0,0,58207,5
2048,5,13000,84493500,71089122,0.12621772224960306,0.13171486815209366,0,0,13404378,10310,0.33171486815209367,0,0,616358,77
2048,5,40000,799980000,673067631,0.1344360450929127,0.13171486815209366,2,4,126912369,94866,0.33171486815209367,0,0,5832105,598
2048,6,4000,7998000,6728199,0.112365142123675,0.13171486815209366,0,0,1269801,680,0.33171486815209367,0,0,58207,3
2048,6,13000,84493500,71089122,0.11419555968168724,0.13171486815209366,0,0,13404378,6691,0.33171486815209367,0,0,616358,64
2048,6,40000,799980000,673067631,0.12796050211974838,0.13171486815209366,0,0,126912369,60110,0.33171486815209367,0,0,5832105,441
2048,7,4000,7998000,6728199,0.11411455761029204,0.13171486815209366,0,0,1269801,625,0.33171486815209367,0,0,58207,4
2048,7,13000,84493500,71089122,0.12048245106277398,0.13171486815209366,0,0,13404378,5712,0.33171486815209367,0,0,616358,40
2048,7,40000,799980000,673067631,0.1331010118123902,0.13171486815209366,1,2,126912369,51078,0.33171486815209367,0,0,5832105,358
2048,8,4000,7998000,6728199,0.12677125977086984,0.13171486815209366,0,0,1269801,509,0.33171486815209367,0,0,58207,3
2048,8,13000,84493500,71089122,0.12677125977086984,0.13171486815209366,0,0,13404378,5561,0.33171486815209367,0,0,616358,40
2048,8,40000,799980000,673067631,0.12677125977086984,0.13171486815209366,0,0,126912369,54316,0.33171486815209367,0,0,5832105,419
2048,9,4000,7998000,6728199,0.11442431457020193,0.13171486815209366,0,0,1269801,574,0.33171486815209367,0,0,58207,7
2048,9,13000,84493500,71089122,0.12161503463505387,0.13171486815209366,0,0,13404378,6106,0.33171486815209367,0,0,616358,46
2048,9,40000,799980000,673067631,0.12806023589334223,0.13171486815209366,0,0,126912369,57751,0.33171486815209367,0,0,5832105,393
2048,10,4000,7998000,6728199,0.12337235277244346,0.13171486815209366,0,0,1269801,728,0.33171486815209367,0,0,58207,10
2048,10,13000,84493500,71089122,0.12496156558528337,0.13171486815209366,0,0,13404378,7511,0.33171486815209367,0,0,616358,64
2048,10,40000,799980000,673067631,0.12593220676958955,0.13171486815209366,0,0,126912369,69457,0.33171486815209367,0,0,5832105,540
2048,11,4000,7998000,6728199,0.11397727986784993,0.13171486815209366,0,0,1269801,576,0.33171486815209367,0,0,58207,5
2048,11,13000,84493500,71089122,0.12837138121950234,0.13171486815209366,0,0,13404378,6006,0.33171486815209367,0,0,616358,44
2048,11,40000,799980000,673067631,0.15032562760419627,0.13171486815209366,3,5,126912369,58158,0.33171486815209367,0,0,5832105,401
2048,12,4000,7998000,6728199,0.11177396072938439,0.13171486815209366,0,0,1269801,679,0.33171486815209367,0,0,58207,4
2048,12,13000,84493500,71089122,0.12014870813552163,0.13171486815209366,0,0,13404378,6747,0.33171486815209367,0,0,616358,38
2048,12,40000,799980000,673067631,0.1259229739156494,0.13171486815209366,0,0,126912369,65486,0.33171486815209367,0,0,5832105,453
2048,13,4000,7998000,6728199,0.11148132695884025,0.13171486815209366,0,0,1269801,620,0.33171486815209367,0,0,58207,3
2048,13,13000,84493500,71089122,0.1359975258134354,0.13171486815209366,1,2,13404378,6229,0.33171486815209367,0,0,616358,49
2048,13,40000,799980000,673067631,0.1359975258134354,0.13171486815209366,1,2,126912369,58614,0.33171486815209367,0,0,5832105,447
2048,14,4000,7998000,6728199,0.1122993260441109,0.13171486815209366,0,0,1269801,672,0.33171486815209367,0,0,58207,4
2048,14,13000,84493500,71089122,0.11491582369378665,0.13171486815209366,0,0,13404378,6813,0.33171486815209367,0,0,616358,46
2048,14,40000,799980000,673067631,0.13120828386385594,0.13171486815209366,0,0,126912369,66152,0.33171486815209367,0,0,5832105,486
2048,15,4000,7998000,6728199,0.11747580788256233,0.13171486815209366,0,0,1269801,550,0.33171486815209367,0,0,58207,2
2048,15,13000,84493500,71089122,0.12073774009439074,0.13171486815209366,0,0,13404378,5671,0.33171486815209367,0,0,616358,33
2048,15,40000,799980000,673067631,0.13144376934392107,0.13171486815209366,0,0,126912369,57126,0.33171486815209367,0,0,5832105,412
2048,16,4000,7998000,6728199,0.11396974508961404,0.13171486815209366,0,0,1269801,468,0.33171486815209367,0,0,58207,3
2048,16,13000,84493500,71089122,0.13266207700236352,0.13171486815209366,1,2,13404378,5252,0.33171486815209367,0,0,616358,54
2048,16,40000,799980000,673067631,0.13266207700236352,0.13171486815209366,1,2,126912369,49298,0.33171486815209367,0,0,5832105,390
2048,17,4000,7998000,6728199,0.12625859067315365,0.13171486815209366,0,0,1269801,650,0.33171486815209367,0,0,58207,3
2048,17,13000,84493500,71089122,0.1277344185133284,0.13171486815209366,0,0,13404378,7529,0.33171486815209367,0,0,616358,62
2048,17,40000,799980000,673067631,0.13103752112593622,0.13171486815209366,0,0,126912369,71278,0.33171486815209367,0,0,5832105,528
2048,18,4000,7998000,6728199,0.11762284808448345,0.13171486815209366,0,0,1269801,552,0.33171486815209367,0,0,58207,5
2048,18,13000,84493500,71089122,0.12710175126336154,0.13171486815209366,0,0,13404378,6144,0.33171486815209367,0,0,616358,36
2048,18,40000,799980000,673067631,0.1300175823910537,0.13171486815209366,0,0,126912369,55387,0.33171486815209367,0,0,5832105,402
2048,19,4000,7998000,6728199,0.11092798290273363,0.13171486815209366,0,0,1269801,485,0.33171486815209367,0,0,58207,3
2048,19,13000,84493500,71089122,0.13485219683482527,0.13171486815209366,1,2,13404378,5063,0.33171486815209367,0,0,616358,30
2048,19,40000,799980000,673067631,0.13485219683482527,0.13171486815209366,1,2,126912369,48832,0.33171486815209367,0,0,5832105,390
2048,20,4000,7998000,6728199,0.11361764004881515,0.13171486815209366,0,0,1269801,574,0.33171486815209367,0,0,58207,3
2048,20,13000,84493500,71089122,0.129567572739138,0.13171486815209366,0,0,13404378,5896,0.33171486815209367,0,0,616358,41
2048,20,40000,799980000,673067631,0.1325565605158419,0.13171486815209366,1,2,126912369,56379,0.33171486815209367,0,0,5832105,410
2048,21,4000,7998000,6728199,0.10744979226028595,0.13171486815209366,0,0,1269801,705,0.33171486815209367,0,0,58207,6
2048,21,13000,84493500,71089122,0.12297428602029861,0.13171486815209366,0,0,13404378,7569,0.33171486815209367,0,0,616358,63
2048,21,40000,799980000,673067631,0.12446105126966202,0.13171486815209366,0,0,126912369,70295,0.33171486815209367,0,0,5832105,528
2048,22,4000,7998000,6728199,0.10939890906613063,0.13171486815209366,0,0,1269801,655,0.33171486815209367,0,0,58207,5
2048,22,13000,84493500,71089122,0.12182626782318427,0.13171486815209366,0,0,13404378,6129,0.33171486815209367,0,0,616358,43
2048,22,40000,799980000,673067631,0.13704598258613312,0.13171486815209366,2,4,126912369,58310,0.33171486815209367,0,0,5832105,415
2048,23,4000,7998000,6728199,0.10420364151691018,0.13171486815209366,0,0,1269801,622,0.33171486815209367,0,0,58207,7
2048,23,13000,84493500,71089122,0.12521626801617503,0.13171486815209366,0,0,13404378,6840,0.33171486815209367,0,0,616358,29
2048,23,40000,799980000,673067631,0.1280161115806941,0.13171486815209366,0,0,126912369,66932,0.33171486815209367,0,0,5832105,459
2048,24,4000,7998000,6728199,0.11023113780001721,0.13171486815209366,0,0,1269801,543,0.33171486815209367,0,0,58207,2
2048,24,13000,84493500,71089122,0.11995518771206307,0.13171486815209366,0,0,13404378,5901,0.33171486815209367,0,0,616358,49
2048,24,40000,799980000,673067631,0.13244384488017177,0.13171486815209366,2,4,126912369,52830,0.33171486815209367,0,0,5832105,368
2048,25,4000,7998000,6728199,0.12228957301216431,0.13171486815209366,0,0,1269801,526,0.33171486815209367,0,0,58207,4
2048,25,13000,84493500,71089122,0.1299928499475752,0.13171486815209366,0,0,13404378,5813,0.33171486815209367,0,0,616358,47
2048,25,40000,799980000,673067631,0.1301253199877538,0.13171486815209366,0,0,126912369,57424,0.33171486815209367,0,0,5832105,465
2048,26,4000,7998000,6728199,0.11736353542780951,0.13171486815209366,0,0,1269801,846,0.33171486815209367,0,0,58207,4
2048,26,13000,84493500,71089122,0.12173437089265533,0.13171486815209366,0,0,13404378,8718,0.33171486815209367,0,0,616358,62
2048,26,40000,799980000,673067631,0.1285000749127488,0.13171486815209366,0,0,126912369,80008,0.33171486815209367,0,0,5832105,567
2048,27,4000,7998000,6728199,0.11988080099345026,0.13171486815209366,0,0,1269801,815,0.33171486815209367,0,0,58207,6
2048,27,13000,84493500,71089122,0.12035928024165367,0.13171486815209366,0,0,13404378,7552,0.33171486815209367,0,0,616358,44
2048,27,40000,799980000,673067631,0.1403191272706131,0.13171486815209366,2,4,126912369,67845,0.33171486815209367,0,0,5832105,550
2048,28,4000,7998000,6728199,0.11540215670318053,0.13171486815209366,0,0,1269801,543,0.33171486815209367,0,0,58207,9
2048,28,13000,84493500,71089122,0.12371384598505393,0.13171486815209366,0,0,13404378,5893,0.33171486815209367,0,0,616358,43
2048,28,40000,799980000,673067631,0.12820298314595208,0.13171486815209366,0,0,126912369,56938,0.33171486815209367,0,0,5832105,362
2048,29,4000,7998000,6728199,0.11415187230266659,0.13171486815209366,0,0,1269801,661,0.33171486815209367,0,0,58207,2
2048,29,13000,84493500,71089122,0.12027241529976934,0.13171486815209366,0,0,13404378,6943,0.33171486815209367,0,0,616358,41
2048,29,40000,799980000,673067631,0.1354623986235051,0.13171486815209366,2,4,126912369,66362,0.33171486815209367,0,0,5832105,436
2048,30,4000,7998000,6728199,0.11227935766099219,0.13171486815209366,0,0,1269801,550,0.33171486815209367,0,0,58207,3
2048,30,13000,84493500,71089122,0.11880412803814762,0.13171486815209366,0,0,13404378,6180,0.33171486815209367,0,0,616358,47
2048,30,40000,799980000,673067631,0.1327765813722238,0.13171486815209366,1,2,126912369,59167,0.33171486815209367,0,0,5832105,429
2048,31,4000,7998000,6728199,0.1114270443641104,0.13171486815209366,0,0,1269801,563,0.33171486815209367,0,0,58207,4
2048,31,13000,84493500,71089122,0.1254607874906922,0.13171486815209366,0,0,13404378,6238,0.33171486815209367,0,0,616358,53
2048,31,40000,799980000,673067631,0.13430718827884439,0.13171486815209366,1,2,126912369,60865,0.33171486815209367,0,0,5832105,430
2048,32,4000,7998000,6728199,0.12566167835010097,0.13171486815209366,0,0,1269801,644,0.33171486815209367,0,0,58207,3
2048,32,13000,84493500,71089122,0.12566167835010097,0.13171486815209366,0,0,13404378,6724,0.33171486815209367,0,0,616358,35
2048,32,40000,799980000,673067631,0.14539196827640952,0.13171486815209366,2,4,126912369,63206,0.33171486815209367,0,0,5832105,444
2048,33,4000,7998000,6728199,0.12177517756690247,0.13171486815209366,0,0,1269801,790,0.33171486815209367,0,0,58207,2
2048,33,13000,84493500,71089122,0.12200270747205048,0.13171486815209366,0,0,13404378,8141,0.33171486815209367,0,0,616358,58
2048,33,40000,799980000,673067631,0.12899000398216337,0.13171486815209366,0,0,126912369,77773,0.33171486815209367,0,0,5832105,539
2048,34,4000,7998000,6728199,0.12168678624112703,0.13171486815209366,0,0,1269801,605,0.33171486815209367,0,0,58207,5
2048,34,13000,84493500,71089122,0.1255110515295939,0.13171486815209366,0,0,13404378,6434,0.33171486815209367,0,0,616358,32
2048,34,40000,799980000,673067631,0.13294654268540537,0.13171486815209366,1,2,126912369,61352,0.33171486815209367,0,0,5832105,347
2048,35,4000,7998000,6728199,0.11249689946436171,0.13171486815209366,0,0,1269801,593,0.33171486815209367,0,0,58207,4
2048,35,13000,84493500,71089122,0.11466843469592622,0.13171486815209366,0,0,13404378,6186,0.33171486815209367,0,0,616358,43
2048,35,40000,799980000,673067631,0.13172278004331395,0.13171486815209366,1,2,126912369,57210,0.33171486815209367,0,0,5832105,352
2048,36,4000,7998000,6728199,0.11056609742142372,0.13171486815209366,0,0,1269801,486,0.33171486815209367,0,0,58207,3
2048,36,13000,84493500,71089122,0.12285216236553856,0.13171486815209366,0,0,13404378,5399,0.33171486815209367,0,0,616358,42
2048,36,40000,799980000,673067631,0.13162137962619055,0.13171486815209366,0,0,126912369,50855,0.33171486815209367,0,0,5832105,316
2048,37,4000,7998000,6728199,0.11435409140221524,0.13171486815209366,0,0,1269801,614,0.33171486815209367,0,0,58207,2
2048,37,13000,84493500,71089122,0.12110451184928239,0.13171486815209366,0,0,13404378,6906,0.33171486815209367,0,0,616358,44
2048,37,40000,799980000,673067631,0.13301781795952117,0.13171486815209366,1,2,126912369,63958,0.33171486815209367,0,0,5832105,435
2048,38,4000,7998000,6728199,0.10980471179042145,0.13171486815209366,0,0,1269801,729,0.33171486815209367,0,0,58207,5
2048,38,13000,84493500,71089122,0.11936940300926485,0.13171486815209366,0,0,13404378,7045,0.33171486815209367,0,0,616358,47
2048,38,40000,799980000,673067631,0.12916963305104207,0.13171486815209366,0,0,126912369,65681,0.33171486815209367,0,0,5832105,407
2048,39,4000,7998000,6728199,0.12594230986727387,0.13171486815209366,0,0,1269801,679,0.33171486815209367,0,0,58207,4
2048,39,13000,84493500,71089122,0.12594230986727387,0.13171486815209366,0,0,13404378,7252,0.33171486815209367,0,0,616358,48
2048,39,40000,799980000,673067631,0.1286034354058545,0.13171486815209366,0,0,126912369,69097,0.33171486815209367,0,0,5832105,468
4096,0,4000,7998000,6728199,0.08278091067800096,0.15171512021612793,0,0,1269801,824,0.35171512021612794,0,0,58207,6
4096,0,13000,84493500,71089122,0.08278091067800096,0.15171512021612793,0,0,13404378,9223,0.35171512021612794,0,0,616358,44
4096,0,40000,799980000,673067631,0.0899593787949725,0.15171512021612793,0,0,126912369,88182,0.35171512021612794,0,0,5832105,423
4096,1,4000,7998000,6728199,0.08039412669612148,0.15171512021612793,0,0,1269801,528,0.35171512021612794,0,0,58207,1
4096,1,13000,84493500,71089122,0.08530829638938969,0.15171512021612793,0,0,13404378,5680,0.35171512021612794,0,0,616358,31
4096,1,40000,799980000,673067631,0.09579455650372978,0.15171512021612793,0,0,126912369,52946,0.35171512021612794,0,0,5832105,306
4096,2,4000,7998000,6728199,0.08350523761275976,0.15171512021612793,0,0,1269801,675,0.35171512021612794,0,0,58207,3
4096,2,13000,84493500,71089122,0.08719481191472465,0.15171512021612793,0,0,13404378,7067,0.35171512021612794,0,0,616358,46
4096,2,40000,799980000,673067631,0.09722680817108457,0.15171512021612793,0,0,126912369,67486,0.35171512021612794,0,0,5832105,448
8192,0,4000,7998000,6728199,0.058939761500167165,0.16585743407604683,0,0,1269801,429,0.3658574340760468,0,0,58207,2
8192,0,13000,84493500,71089122,0.07045133312874893,0.16585743407604683,0,0,13404378,4529,0.3658574340760468,0,0,616358,31
8192,0,40000,799980000,673067631,0.07045133312874893,0.16585743407604683,0,0,126912369,43387,0.3658574340760468,0,0,5832105,274
8192,1,4000,7998000,6728199,0.05662077553383653,0.16585743407604683,0,0,1269801,555,0.3658574340760468,0,0,58207,3
8192,1,13000,84493500,71089122,0.06072875696393786,0.16585743407604683,0,0,13404378,6179,0.3658574340760468,0,0,616358,37
8192,1,40000,799980000,673067631,0.06547535387264992,0.16585743407604683,0,0,126912369,57332,0.3658574340760468,0,0,5832105,394
8192,2,4000,7998000,6728199,0.05770479415713924,0.16585743407604683,0,0,1269801,659,0.3658574340760468,0,0,58207,4
8192,2,13000,84493500,71089122,0.06159206422485714,0.16585743407604683,0,0,13404378,6649,0.3658574340760468,0,0,616358,40
8192,2,40000,799980000,673067631,0.06545624650826239,0.16585743407604683,0,0,126912369,63599,0.3658574340760468,0,0,5832105,370
