dimension,seed,condition,candidates,abs_map_error_median,abs_map_error_p99,related_score_p01,unrelated_score_p999,unrelated_abs_score_p99,queries,unrelated_pairs,related_pairs,median_query_max_unrelated,max_unrelated,false_matches,false_negatives,queries_with_unrelated_candidates,queries_with_false_match,queries_with_abs_violation,queries_with_false_match_reference_t,precision_at_10,precision_at_10_encoder,top1_changed,top1_changed_encoder,head_discordant,evaluation_recall,calibrated_threshold
512,11,complete,100,0.027000,0.105000,0.630400,0.139900,0.118400,400,743,106,0.042493,0.139871,0,0,160,0.000000,0.000000,0.000000,0.918000,0.918000,0.097500,0.097500,0.075015,1.000000,0.616600
512,11,complete,1000,0.026400,0.103000,0.623400,0.131500,0.110300,400,7429,998,0.086281,0.157529,0,6,160,0.000000,0.000000,0.000000,0.930000,0.930000,0.140000,0.140000,0.146274,0.993988,0.616600
512,11,complete,10000,0.026300,0.102600,0.613600,0.132500,0.108700,400,74709,9676,0.111732,0.170532,0,120,160,0.000000,0.000000,0.000000,0.923250,0.923250,0.065000,0.065000,0.146536,0.987598,0.616600
512,11,complete,100000,0.026300,0.102500,0.616000,0.131800,0.109000,400,749658,96952,0.126286,0.187755,0,1033,160,0.000000,0.000000,0.000000,0.943250,0.943250,0.025000,0.025000,0.042924,0.989345,0.616600
512,11,complete,920000,0.026300,0.102500,0.616300,0.131500,0.109000,400,6899200,890400,0.134682,0.204705,0,9109,160,0.000000,0.000000,0.000000,0.999750,0.999750,0.000000,0.000000,0.127963,0.989770,0.616600
512,23,complete,100,0.027000,0.103300,0.618000,0.139100,0.116800,400,743,106,0.048012,0.139026,0,2,160,0.000000,0.000000,0.000000,0.918500,0.918500,0.105000,0.105000,0.074463,0.981132,0.620700
512,23,complete,1000,0.026600,0.101800,0.618000,0.126400,0.110800,400,7429,998,0.090087,0.144440,0,16,160,0.000000,0.000000,0.000000,0.927500,0.927500,0.132500,0.132500,0.142054,0.983968,0.620700
512,23,complete,10000,0.026400,0.101000,0.621100,0.134200,0.107900,400,74709,9676,0.114834,0.170242,0,93,160,0.000000,0.000000,0.000000,0.934750,0.934750,0.062500,0.062500,0.138705,0.990389,0.620700
512,23,complete,100000,0.026400,0.100900,0.621200,0.134300,0.108200,400,749658,96952,0.130057,0.190936,0,924,160,0.000000,0.000000,0.000000,0.951500,0.951500,0.010000,0.010000,0.040483,0.990470,0.620700
512,23,complete,920000,0.026400,0.100900,0.621300,0.134700,0.108100,400,6899200,890400,0.137229,0.199640,0,8378,160,0.000000,0.000000,0.000000,1.000000,1.000000,0.000000,0.000000,0.106807,0.990591,0.620700
512,37,complete,100,0.027500,0.104600,0.622000,0.161100,0.100400,400,743,106,0.053316,0.161038,0,1,160,0.000000,0.000000,0.000000,0.915250,0.915250,0.085000,0.085000,0.075055,0.990566,0.620500
512,37,complete,1000,0.027300,0.103600,0.625300,0.141200,0.113300,400,7429,998,0.091784,0.161038,0,5,160,0.000000,0.000000,0.000000,0.927500,0.927500,0.137500,0.137500,0.141112,0.994990,0.620500
512,37,complete,10000,0.027300,0.104400,0.626100,0.140100,0.111100,400,74709,9676,0.115599,0.186031,0,39,160,0.000000,0.000000,0.000000,0.925500,0.925500,0.075000,0.075000,0.134151,0.995969,0.620500
512,37,complete,100000,0.027400,0.104800,0.625400,0.140800,0.110900,400,749658,96952,0.129527,0.210100,0,541,160,0.000000,0.000000,0.000000,0.944250,0.944250,0.010000,0.010000,0.040798,0.994420,0.620500
512,37,complete,920000,0.027300,0.104800,0.625600,0.140500,0.111000,400,6899200,890400,0.136185,0.211197,0,4898,160,0.000000,0.000000,0.000000,1.000000,1.000000,0.000000,0.000000,0.120443,0.994499,0.620500
1024,11,complete,100,0.020200,0.079600,0.630500,0.129200,0.088200,400,743,106,0.042148,0.129158,0,1,160,0.000000,0.000000,0.000000,0.936750,0.936750,0.065000,0.065000,0.055013,0.990566,0.630300
1024,11,complete,1000,0.020400,0.078600,0.633200,0.101800,0.082800,400,7429,998,0.066872,0.129158,0,5,160,0.000000,0.000000,0.000000,0.952250,0.952250,0.102500,0.102500,0.105082,0.994990,0.630300
1024,11,complete,10000,0.020400,0.078700,0.634300,0.107000,0.085300,400,74709,9676,0.086994,0.137978,0,55,160,0.000000,0.000000,0.000000,0.961750,0.961750,0.020000,0.020000,0.092004,0.994316,0.630300
1024,11,complete,100000,0.020500,0.078700,0.633400,0.107000,0.085500,400,749658,96952,0.097540,0.152911,0,631,160,0.000000,0.000000,0.000000,0.976000,0.976000,0.000000,0.000000,0.021168,0.993492,0.630300
1024,11,complete,920000,0.020500,0.078700,0.633500,0.106900,0.085600,400,6899200,890400,0.103441,0.159511,0,5562,160,0.000000,0.000000,0.000000,1.000000,1.000000,0.000000,0.000000,0.053767,0.993753,0.630300
1024,23,complete,100,0.020700,0.079800,0.631400,0.070500,0.084500,400,743,106,0.020343,0.070479,0,1,160,0.000000,0.000000,0.000000,0.938000,0.938000,0.035000,0.035000,0.053731,0.990566,0.627400
1024,23,complete,1000,0.020000,0.078200,0.627200,0.083400,0.082200,400,7429,998,0.045670,0.103032,0,10,160,0.000000,0.000000,0.000000,0.948250,0.948250,0.080000,0.080000,0.106605,0.989980,0.627400
1024,23,complete,10000,0.020000,0.077900,0.627100,0.087000,0.082600,400,74709,9676,0.066668,0.118679,0,102,160,0.000000,0.000000,0.000000,0.960750,0.960750,0.012500,0.012500,0.093449,0.989458,0.627400
1024,23,complete,100000,0.019900,0.077900,0.627500,0.086600,0.082400,400,749658,96952,0.077081,0.125650,0,948,160,0.000000,0.000000,0.000000,0.977500,0.977500,0.002500,0.002500,0.020875,0.990222,0.627400
1024,23,complete,920000,0.019900,0.077900,0.627200,0.086400,0.082400,400,6899200,890400,0.081741,0.138524,0,9075,160,0.000000,0.000000,0.000000,1.000000,1.000000,0.000000,0.000000,0.056763,0.989808,0.627400
1024,37,complete,100,0.018900,0.074000,0.635300,0.095600,0.076600,400,743,106,0.020315,0.095576,0,1,160,0.000000,0.000000,0.000000,0.945750,0.945750,0.057500,0.057500,0.050455,0.990566,0.632800
1024,37,complete,1000,0.019200,0.074800,0.629900,0.087100,0.077700,400,7429,998,0.055449,0.112871,0,10,160,0.000000,0.000000,0.000000,0.959500,0.959500,0.090000,0.090000,0.099951,0.989980,0.632800
1024,37,complete,10000,0.019200,0.074500,0.632500,0.087600,0.078800,400,74709,9676,0.071765,0.117575,0,99,160,0.000000,0.000000,0.000000,0.961000,0.961000,0.010000,0.010000,0.089491,0.989768,0.632800
1024,37,complete,100000,0.019200,0.074600,0.632100,0.088600,0.078800,400,749658,96952,0.081924,0.131903,0,1076,160,0.000000,0.000000,0.000000,0.979250,0.979250,0.000000,0.000000,0.018963,0.988902,0.632800
1024,37,complete,920000,0.019200,0.074600,0.632000,0.088900,0.079000,400,6899200,890400,0.088705,0.133248,0,9943,160,0.000000,0.000000,0.000000,1.000000,1.000000,0.000000,0.000000,0.060222,0.988833,0.632800
2048,11,complete,100,0.014000,0.053800,0.633900,0.061800,0.051100,400,743,106,0.023235,0.061764,0,3,160,0.000000,0.000000,0.000000,0.968750,0.968750,0.035000,0.035000,0.032536,0.971698,0.642200
2048,11,complete,1000,0.014000,0.053200,0.641400,0.064800,0.052700,400,7429,998,0.043519,0.082927,0,13,160,0.000000,0.000000,0.000000,0.975250,0.975250,0.037500,0.037500,0.063153,0.986974,0.642200
2048,11,complete,10000,0.014000,0.053000,0.641900,0.066200,0.053800,400,74709,9676,0.055194,0.082927,0,99,160,0.000000,0.000000,0.000000,0.986250,0.986250,0.002500,0.002500,0.047168,0.989768,0.642200
2048,11,complete,100000,0.014000,0.053000,0.642400,0.066100,0.054200,400,749658,96952,0.063238,0.089553,0,923,160,0.000000,0.000000,0.000000,0.997500,0.997500,0.000000,0.000000,0.007393,0.990480,0.642200
2048,11,complete,920000,0.014000,0.053000,0.642600,0.066000,0.054000,400,6899200,890400,0.066682,0.091537,0,8189,160,0.000000,0.000000,0.000000,1.000000,1.000000,0.000000,0.000000,0.006409,0.990803,0.642200
2048,11,m30_omit,100,0.014100,0.054400,0.650300,0.071800,0.057300,399,13839,223,0.043228,0.080533,0,6,399,0.000000,0.000000,0.000000,0.958647,0.958647,0.045113,0.045113,0.024876,0.973094,0.653200
2048,11,m30_omit,1000,0.014200,0.054500,0.655100,0.069100,0.057300,399,143261,2332,0.057679,0.094590,0,18,399,0.000000,0.000000,0.000000,0.964912,0.964912,0.035088,0.035088,0.050073,0.992281,0.653200
2048,11,m30_omit,10000,0.014300,0.054400,0.655500,0.069000,0.057200,399,1427028,21738,0.065973,0.099154,0,142,399,0.000000,0.000000,0.000000,0.980451,0.980451,0.010025,0.010025,0.039514,0.993468,0.653200
2048,11,m30_omit,100000,0.014300,0.054400,0.655200,0.069100,0.057300,399,14389837,225602,0.072292,0.103268,0,1568,399,0.000000,0.000000,0.000000,0.993734,0.993734,0.005013,0.005013,0.031723,0.993050,0.653200
2048,11,m30_omit,920000,0.014300,0.054500,0.655200,0.069200,0.057300,399,132592503,2075678,0.075750,0.115799,0,14789,399,0.000000,0.000000,0.000000,0.991228,0.991228,0.000000,0.000000,0.015447,0.992875,0.653200
2048,11,m30_token,100,0.013400,0.052700,0.582600,0.748500,0.509300,399,13839,223,0.212248,0.762536,17,0,399,0.042607,0.042607,0.486216,0.685213,0.965664,0.458647,0.047619,0.147235,1.000000,0.574100
2048,11,m30_token,1000,0.013200,0.053100,0.577600,0.758600,0.514400,399,143261,2332,0.227506,0.767538,390,17,399,0.050125,0.050125,0.568922,0.615288,0.970175,0.426065,0.022556,0.234734,0.992710,0.574100
2048,11,m30_token,10000,0.013300,0.052800,0.578000,0.755600,0.512800,399,1427028,21738,0.229694,0.767538,3226,149,399,0.050125,0.050125,0.604010,0.612281,0.978947,0.235589,0.007519,0.219177,0.993146,0.574100
2048,11,m30_token,100000,0.013200,0.052800,0.579100,0.755600,0.512600,399,14389837,225602,0.231731,0.767538,32083,1530,399,0.050125,0.050125,0.626566,0.892982,0.998747,0.348371,0.000000,0.144590,0.993218,0.574100
2048,11,m30_token,920000,0.013200,0.052800,0.579200,0.755600,0.512600,399,132592503,2075678,0.232398,0.767538,296751,13690,399,0.050125,0.050125,0.639098,0.676190,1.000000,0.110276,0.000000,0.104325,0.993405,0.574100
2048,23,complete,100,0.012300,0.047800,0.647700,0.068100,0.054000,400,743,106,0.021769,0.068021,0,0,160,0.000000,0.000000,0.000000,0.965750,0.965750,0.050000,0.050000,0.029851,1.000000,0.644400
2048,23,complete,1000,0.012600,0.048000,0.645100,0.060800,0.051700,400,7429,998,0.039344,0.073068,0,9,160,0.000000,0.000000,0.000000,0.980000,0.980000,0.052500,0.052500,0.058156,0.990982,0.644400
2048,23,complete,10000,0.012600,0.047900,0.644700,0.060100,0.051000,400,74709,9676,0.049725,0.080006,0,88,160,0.000000,0.000000,0.000000,0.985250,0.985250,0.002500,0.002500,0.042534,0.990905,0.644400
2048,23,complete,100000,0.012600,0.047900,0.644000,0.059900,0.050700,400,749658,96952,0.056571,0.088967,0,1049,160,0.000000,0.000000,0.000000,0.998500,0.998500,0.000000,0.000000,0.006446,0.989180,0.644400
2048,23,complete,920000,0.012600,0.047900,0.644100,0.060100,0.050700,400,6899200,890400,0.060943,0.089262,0,9535,160,0.000000,0.000000,0.000000,1.000000,1.000000,0.000000,0.000000,0.007373,0.989291,0.644400
2048,23,m30_omit,100,0.012500,0.048700,0.647800,0.057600,0.051500,399,13839,223,0.038918,0.070723,0,6,399,0.000000,0.000000,0.000000,0.958897,0.958897,0.042607,0.042607,0.023188,0.973094,0.654100
2048,23,m30_omit,1000,0.012700,0.049300,0.653800,0.060600,0.052600,399,143261,2332,0.052760,0.097184,0,24,399,0.000000,0.000000,0.000000,0.968922,0.968922,0.035088,0.035088,0.047267,0.989708,0.654100
2048,23,m30_omit,10000,0.012800,0.049400,0.655000,0.060700,0.052700,399,1427028,21738,0.060643,0.097184,0,180,399,0.000000,0.000000,0.000000,0.969925,0.969925,0.010025,0.010025,0.037367,0.991720,0.654100
2048,23,m30_omit,100000,0.012800,0.049400,0.654500,0.060800,0.052800,399,14389837,225602,0.066706,0.097184,0,2064,399,0.000000,0.000000,0.000000,0.993985,0.993985,0.007519,0.007519,0.032133,0.990851,0.654100
2048,23,m30_omit,920000,0.012800,0.049400,0.654500,0.060800,0.052800,399,132592503,2075678,0.070251,0.101625,0,19149,399,0.000000,0.000000,0.000000,0.991228,0.991228,0.000000,0.000000,0.014700,0.990775,0.654100
2048,23,m30_token,100,0.013200,0.053600,0.580200,0.737900,0.495800,399,13839,223,0.213133,0.760349,17,2,399,0.042607,0.042607,0.486216,0.688972,0.967419,0.436090,0.027569,0.146791,0.991031,0.578400
2048,23,m30_token,1000,0.013500,0.053600,0.577200,0.749400,0.502500,399,143261,2332,0.226586,0.760349,390,24,399,0.050125,0.050125,0.563910,0.622556,0.970426,0.421053,0.030075,0.237335,0.989708,0.578400
2048,23,m30_token,10000,0.013500,0.053800,0.577900,0.747600,0.501400,399,1427028,21738,0.229574,0.760349,3226,225,399,0.050125,0.050125,0.578947,0.611028,0.982707,0.260652,0.005013,0.215019,0.989649,0.578400
2048,23,m30_token,100000,0.013400,0.053800,0.580200,0.747600,0.501200,399,14389837,225602,0.230444,0.760349,32083,2086,399,0.050125,0.050125,0.596491,0.895990,0.998998,0.360902,0.002506,0.140889,0.990754,0.578400
2048,23,m30_token,920000,0.013400,0.053800,0.580200,0.747600,0.501100,399,132592503,2075678,0.232370,0.760349,296751,19248,399,0.050125,0.050125,0.598997,0.666667,0.998998,0.112782,0.000000,0.109284,0.990727,0.578400
2048,37,complete,100,0.012800,0.049400,0.647900,0.070000,0.052800,400,743,106,0.023075,0.069942,0,0,160,0.000000,0.000000,0.000000,0.965500,0.965500,0.027500,0.027500,0.030170,1.000000,0.642500
2048,37,complete,1000,0.012800,0.050000,0.643700,0.056300,0.052000,400,7429,998,0.036706,0.069942,0,2,160,0.000000,0.000000,0.000000,0.977500,0.977500,0.030000,0.030000,0.057291,0.997996,0.642500
2048,37,complete,10000,0.012800,0.050000,0.642100,0.057300,0.051600,400,74709,9676,0.045917,0.092509,0,99,160,0.000000,0.000000,0.000000,0.982750,0.982750,0.000000,0.000000,0.042663,0.989768,0.642500
2048,37,complete,100000,0.012800,0.050000,0.642100,0.057600,0.051700,400,749658,96952,0.053142,0.094520,0,1048,160,0.000000,0.000000,0.000000,0.997750,0.997750,0.000000,0.000000,0.006266,0.989191,0.642500
2048,37,complete,920000,0.012800,0.050000,0.642400,0.058000,0.051900,400,6899200,890400,0.057340,0.105310,0,9067,160,0.000000,0.000000,0.000000,1.000000,1.000000,0.000000,0.000000,0.005057,0.989817,0.642500
2048,37,m30_omit,100,0.013500,0.052900,0.653500,0.067000,0.057000,399,13839,223,0.042455,0.081732,0,0,399,0.000000,0.000000,0.000000,0.959148,0.959148,0.050125,0.050125,0.025196,1.000000,0.649400
2048,37,m30_omit,1000,0.013400,0.052300,0.651300,0.065800,0.055800,399,143261,2332,0.054493,0.101388,0,14,399,0.000000,0.000000,0.000000,0.966917,0.966917,0.057644,0.057644,0.049680,0.993997,0.649400
2048,37,m30_omit,10000,0.013500,0.052700,0.651400,0.064500,0.056200,399,1427028,21738,0.063564,0.108696,0,156,399,0.000000,0.000000,0.000000,0.973935,0.973935,0.010025,0.010025,0.040477,0.992824,0.649400
2048,37,m30_omit,100000,0.013500,0.052600,0.651400,0.064100,0.056100,399,14389837,225602,0.069939,0.116403,0,1611,399,0.000000,0.000000,0.000000,0.993484,0.993484,0.007519,0.007519,0.031578,0.992859,0.649400
2048,37,m30_omit,920000,0.013500,0.052600,0.651300,0.064200,0.056100,399,132592503,2075678,0.071729,0.118338,0,15161,399,0.000000,0.000000,0.000000,0.991228,0.991228,0.000000,0.000000,0.013419,0.992696,0.649400
2048,37,m30_token,100,0.012600,0.050300,0.582500,0.742800,0.504000,399,13839,223,0.217250,0.757488,17,2,399,0.042607,0.042607,0.508772,0.689223,0.969424,0.431078,0.022556,0.144205,0.991031,0.572800
2048,37,m30_token,1000,0.012700,0.050400,0.571100,0.750100,0.510800,399,143261,2332,0.227520,0.761444,390,27,399,0.050125,0.050125,0.581454,0.643108,0.972932,0.385965,0.027569,0.231035,0.988422,0.572800
2048,37,m30_token,10000,0.012700,0.050300,0.574600,0.748600,0.508300,399,1427028,21738,0.228910,0.761444,3226,184,399,0.050125,0.050125,0.606516,0.633333,0.985464,0.223058,0.007519,0.213008,0.991536,0.572800
2048,37,m30_token,100000,0.012700,0.050100,0.575000,0.748900,0.508200,399,14389837,225602,0.231228,0.761444,32083,1867,399,0.050125,0.050125,0.621554,0.893985,0.997494,0.333333,0.002506,0.139345,0.991724,0.572800
2048,37,m30_token,920000,0.012700,0.050100,0.574800,0.748900,0.508100,399,132592503,2075678,0.232390,0.761444,296751,17373,399,0.050125,0.050125,0.629073,0.693484,1.000000,0.107769,0.000000,0.101419,0.991630,0.572800
4096,11,complete,100,0.009600,0.037100,0.652800,0.043200,0.036600,400,743,106,0.013617,0.043138,0,0,160,0.000000,0.000000,0.000000,0.981500,0.981500,0.020000,0.020000,0.017471,1.000000,0.650800
4096,11,complete,1000,0.009500,0.037000,0.648800,0.045200,0.039000,400,7429,998,0.028986,0.055987,0,15,160,0.000000,0.000000,0.000000,0.993500,0.993500,0.007500,0.007500,0.030634,0.984970,0.650800
4096,11,complete,10000,0.009500,0.036900,0.649000,0.049600,0.039000,400,74709,9676,0.038131,0.063662,0,144,160,0.000000,0.000000,0.000000,0.997000,0.997000,0.000000,0.000000,0.016811,0.985118,0.650800
4096,11,complete,100000,0.009500,0.036900,0.649600,0.049500,0.039100,400,749658,96952,0.042705,0.074014,0,1311,160,0.000000,0.000000,0.000000,1.000000,1.000000,0.000000,0.000000,0.002114,0.986478,0.650800
4096,11,complete,920000,0.009500,0.037000,0.649700,0.049500,0.039100,400,6899200,890400,0.045991,0.078447,0,12244,160,0.000000,0.000000,0.000000,1.000000,1.000000,0.000000,0.000000,0.000492,0.986249,0.650800
4096,23,complete,100,0.009000,0.035100,0.652800,0.048500,0.037000,400,743,106,0.015584,0.048401,0,1,160,0.000000,0.000000,0.000000,0.981750,0.981750,0.015000,0.015000,0.015896,0.990566,0.650300
4096,23,complete,1000,0.009100,0.035700,0.649100,0.048700,0.038300,400,7429,998,0.028393,0.065678,0,11,160,0.000000,0.000000,0.000000,0.991250,0.991250,0.012500,0.012500,0.029618,0.988978,0.650300
4096,23,complete,10000,0.009200,0.035700,0.649800,0.047600,0.037600,400,74709,9676,0.037070,0.065678,0,114,160,0.000000,0.000000,0.000000,0.997250,0.997250,0.000000,0.000000,0.016089,0.988218,0.650300
4096,23,complete,100000,0.009100,0.035600,0.650100,0.047400,0.037700,400,749658,96952,0.043150,0.068259,0,1021,160,0.000000,0.000000,0.000000,1.000000,1.000000,0.000000,0.000000,0.002183,0.989469,0.650300
4096,23,complete,920000,0.009200,0.035600,0.650200,0.047300,0.037800,400,6899200,890400,0.045710,0.070518,0,8932,160,0.000000,0.000000,0.000000,1.000000,1.000000,0.000000,0.000000,0.000065,0.989969,0.650300
4096,37,complete,100,0.009300,0.035700,0.652500,0.053200,0.039100,400,743,106,0.019331,0.053139,0,0,160,0.000000,0.000000,0.000000,0.985000,0.985000,0.022500,0.022500,0.017541,1.000000,0.650300
4096,37,complete,1000,0.009400,0.036000,0.649500,0.051100,0.038800,400,7429,998,0.031466,0.057614,0,11,160,0.000000,0.000000,0.000000,0.989000,0.989000,0.015000,0.015000,0.030619,0.988978,0.650300
4096,37,complete,10000,0.009400,0.036100,0.650000,0.050100,0.039600,400,74709,9676,0.039360,0.061701,0,109,160,0.000000,0.000000,0.000000,0.997250,0.997250,0.000000,0.000000,0.016683,0.988735,0.650300
4096,37,complete,100000,0.009400,0.035900,0.650100,0.049900,0.039400,400,749658,96952,0.044557,0.077065,0,1021,160,0.000000,0.000000,0.000000,1.000000,1.000000,0.000000,0.000000,0.001587,0.989469,0.650300
4096,37,complete,920000,0.009400,0.036000,0.650100,0.049700,0.039300,400,6899200,890400,0.047073,0.083056,0,9239,160,0.000000,0.000000,0.000000,1.000000,1.000000,0.000000,0.000000,0.000047,0.989624,0.650300
8192,11,complete,100,0.007600,0.027500,0.660700,0.036100,0.029900,400,743,106,0.017693,0.036056,0,0,160,0.000000,0.000000,0.000000,0.993750,0.993750,0.005000,0.005000,0.006915,1.000000,0.657100
8192,11,complete,1000,0.007500,0.027800,0.658200,0.036600,0.029900,400,7429,998,0.025034,0.039474,0,6,160,0.000000,0.000000,0.000000,0.998000,0.998000,0.002500,0.002500,0.009298,0.993988,0.657100
8192,11,complete,10000,0.007500,0.027800,0.657200,0.036600,0.029800,400,74709,9676,0.030769,0.045464,0,90,160,0.000000,0.000000,0.000000,0.999250,0.999250,0.000000,0.000000,0.002693,0.990699,0.657100
8192,11,complete,100000,0.007500,0.027800,0.657300,0.036500,0.029400,400,749658,96952,0.034154,0.047715,0,849,160,0.000000,0.000000,0.000000,1.000000,1.000000,0.000000,0.000000,0.000243,0.991243,0.657100
8192,11,complete,920000,0.007500,0.027800,0.657300,0.036500,0.029500,400,6899200,890400,0.035765,0.053252,0,7846,160,0.000000,0.000000,0.000000,1.000000,1.000000,0.000000,0.000000,0.000000,0.991188,0.657100
8192,23,complete,100,0.006400,0.025000,0.655300,0.035000,0.028400,400,743,106,0.011361,0.034923,0,0,160,0.000000,0.000000,0.000000,0.994000,0.994000,0.007500,0.007500,0.007531,1.000000,0.654600
8192,23,complete,1000,0.006500,0.025100,0.654100,0.033400,0.026800,400,7429,998,0.019368,0.036150,0,13,160,0.000000,0.000000,0.000000,0.997750,0.997750,0.000000,0.000000,0.010294,0.986974,0.654600
8192,23,complete,10000,0.006500,0.025000,0.654000,0.031400,0.026300,400,74709,9676,0.025062,0.043249,0,122,160,0.000000,0.000000,0.000000,1.000000,1.000000,0.000000,0.000000,0.002654,0.987391,0.654600
8192,23,complete,100000,0.006500,0.024900,0.654400,0.031200,0.026400,400,749658,96952,0.028935,0.046662,0,1047,160,0.000000,0.000000,0.000000,1.000000,1.000000,0.000000,0.000000,0.000284,0.989201,0.654600
8192,23,complete,920000,0.006500,0.024900,0.654300,0.031300,0.026400,400,6899200,890400,0.031128,0.050266,0,9753,160,0.000000,0.000000,0.000000,1.000000,1.000000,0.000000,0.000000,0.000000,0.989046,0.654600
8192,37,complete,100,0.006700,0.025900,0.657100,0.034100,0.027600,400,743,106,0.010781,0.034039,0,0,160,0.000000,0.000000,0.000000,0.991500,0.991500,0.000000,0.000000,0.008734,1.000000,0.654300
8192,37,complete,1000,0.006600,0.025800,0.655600,0.032100,0.027400,400,7429,998,0.019764,0.035615,0,5,160,0.000000,0.000000,0.000000,0.997750,0.997750,0.002500,0.002500,0.012034,0.994990,0.654300
8192,37,complete,10000,0.006600,0.025700,0.654200,0.032300,0.027200,400,74709,9676,0.025963,0.044074,0,98,160,0.000000,0.000000,0.000000,0.999750,0.999750,0.000000,0.000000,0.003536,0.989872,0.654300
8192,37,complete,100000,0.006600,0.025700,0.654400,0.033300,0.027400,400,749658,96952,0.030599,0.056305,0,913,160,0.000000,0.000000,0.000000,1.000000,1.000000,0.000000,0.000000,0.000425,0.990583,0.654300
8192,37,complete,920000,0.006600,0.025700,0.654400,0.033300,0.027400,400,6899200,890400,0.032621,0.056305,0,8407,160,0.000000,0.000000,0.000000,1.000000,1.000000,0.000000,0.000000,0.000009,0.990558,0.654300
