dimension,seed,independent_atoms,mean_abs_atom_cosine,max_abs_atom_cosine,age_1_2_cosine,age_1_3_cosine,age_1_4_cosine,age_1_5_cosine,age_1_6_cosine,age_1_7_cosine,age_1_8_cosine,age_1_9_cosine,age_1_10_cosine,age_2_3_cosine,age_2_4_cosine,age_2_5_cosine,age_2_6_cosine,age_2_7_cosine,age_2_8_cosine,age_2_9_cosine,age_2_10_cosine,age_3_4_cosine,age_3_5_cosine,age_3_6_cosine,age_3_7_cosine,age_3_8_cosine,age_3_9_cosine,age_3_10_cosine,age_4_5_cosine,age_4_6_cosine,age_4_7_cosine,age_4_8_cosine,age_4_9_cosine,age_4_10_cosine,age_5_6_cosine,age_5_7_cosine,age_5_8_cosine,age_5_9_cosine,age_5_10_cosine,age_6_7_cosine,age_6_8_cosine,age_6_9_cosine,age_6_10_cosine,age_7_8_cosine,age_7_9_cosine,age_7_10_cosine,age_8_9_cosine,age_8_10_cosine,age_9_10_cosine
512,11,45,0.035535,0.167969,0.886719,0.773438,0.660156,0.546875,0.437500,0.328125,0.218750,0.109375,0.000000,0.886719,0.773438,0.660156,0.550781,0.441406,0.332031,0.222656,0.113281,0.886719,0.773438,0.664063,0.554688,0.445313,0.335938,0.226563,0.886719,0.777344,0.667969,0.558594,0.449219,0.339844,0.890625,0.781250,0.671875,0.562500,0.453125,0.890625,0.781250,0.671875,0.562500,0.890625,0.781250,0.671875,0.890625,0.781250,0.890625
512,23,45,0.036182,0.136719,0.886719,0.773438,0.660156,0.546875,0.437500,0.328125,0.218750,0.109375,0.000000,0.886719,0.773438,0.660156,0.550781,0.441406,0.332031,0.222656,0.113281,0.886719,0.773438,0.664063,0.554688,0.445313,0.335938,0.226563,0.886719,0.777344,0.667969,0.558594,0.449219,0.339844,0.890625,0.781250,0.671875,0.562500,0.453125,0.890625,0.781250,0.671875,0.562500,0.890625,0.781250,0.671875,0.890625,0.781250,0.890625
512,37,45,0.034777,0.164063,0.886719,0.773438,0.660156,0.546875,0.437500,0.328125,0.218750,0.109375,0.000000,0.886719,0.773438,0.660156,0.550781,0.441406,0.332031,0.222656,0.113281,0.886719,0.773438,0.664063,0.554688,0.445313,0.335938,0.226563,0.886719,0.777344,0.667969,0.558594,0.449219,0.339844,0.890625,0.781250,0.671875,0.562500,0.453125,0.890625,0.781250,0.671875,0.562500,0.890625,0.781250,0.671875,0.890625,0.781250,0.890625
1024,11,45,0.024653,0.101562,0.888672,0.777344,0.666016,0.554688,0.443359,0.332031,0.220703,0.109375,0.000000,0.888672,0.777344,0.666016,0.554688,0.443359,0.332031,0.220703,0.111328,0.888672,0.777344,0.666016,0.554688,0.443359,0.332031,0.222656,0.888672,0.777344,0.666016,0.554688,0.443359,0.333984,0.888672,0.777344,0.666016,0.554688,0.445312,0.888672,0.777344,0.666016,0.556641,0.888672,0.777344,0.667969,0.888672,0.779297,0.890625
1024,23,45,0.025473,0.095703,0.888672,0.777344,0.666016,0.554688,0.443359,0.332031,0.220703,0.109375,0.000000,0.888672,0.777344,0.666016,0.554688,0.443359,0.332031,0.220703,0.111328,0.888672,0.777344,0.666016,0.554688,0.443359,0.332031,0.222656,0.888672,0.777344,0.666016,0.554688,0.443359,0.333984,0.888672,0.777344,0.666016,0.554688,0.445312,0.888672,0.777344,0.666016,0.556641,0.888672,0.777344,0.667969,0.888672,0.779297,0.890625
1024,37,45,0.024763,0.105469,0.888672,0.777344,0.666016,0.554688,0.443359,0.332031,0.220703,0.109375,0.000000,0.888672,0.777344,0.666016,0.554688,0.443359,0.332031,0.220703,0.111328,0.888672,0.777344,0.666016,0.554688,0.443359,0.332031,0.222656,0.888672,0.777344,0.666016,0.554688,0.443359,0.333984,0.888672,0.777344,0.666016,0.554688,0.445312,0.888672,0.777344,0.666016,0.556641,0.888672,0.777344,0.667969,0.888672,0.779297,0.890625
2048,11,45,0.017361,0.064453,0.888672,0.777344,0.666016,0.554688,0.443359,0.332031,0.220703,0.110352,0.000000,0.888672,0.777344,0.666016,0.554688,0.443359,0.332031,0.221680,0.111328,0.888672,0.777344,0.666016,0.554688,0.443359,0.333008,0.222656,0.888672,0.777344,0.666016,0.554688,0.444336,0.333984,0.888672,0.777344,0.666016,0.555664,0.445313,0.888672,0.777344,0.666992,0.556641,0.888672,0.778320,0.667969,0.889648,0.779297,0.889648
2048,23,45,0.018205,0.088867,0.888672,0.777344,0.666016,0.554688,0.443359,0.332031,0.220703,0.110352,0.000000,0.888672,0.777344,0.666016,0.554688,0.443359,0.332031,0.221680,0.111328,0.888672,0.777344,0.666016,0.554688,0.443359,0.333008,0.222656,0.888672,0.777344,0.666016,0.554688,0.444336,0.333984,0.888672,0.777344,0.666016,0.555664,0.445313,0.888672,0.777344,0.666992,0.556641,0.888672,0.778320,0.667969,0.889648,0.779297,0.889648
2048,37,45,0.017797,0.070313,0.888672,0.777344,0.666016,0.554688,0.443359,0.332031,0.220703,0.110352,0.000000,0.888672,0.777344,0.666016,0.554688,0.443359,0.332031,0.221680,0.111328,0.888672,0.777344,0.666016,0.554688,0.443359,0.333008,0.222656,0.888672,0.777344,0.666016,0.554688,0.444336,0.333984,0.888672,0.777344,0.666016,0.555664,0.445313,0.888672,0.777344,0.666992,0.556641,0.888672,0.778320,0.667969,0.889648,0.779297,0.889648
4096,11,45,0.012707,0.062500,0.888672,0.777344,0.666016,0.554688,0.443359,0.332520,0.221680,0.110840,0.000000,0.888672,0.777344,0.666016,0.554688,0.443848,0.333008,0.222168,0.111328,0.888672,0.777344,0.666016,0.555176,0.444336,0.333496,0.222656,0.888672,0.777344,0.666504,0.555664,0.444824,0.333984,0.888672,0.777832,0.666992,0.556152,0.445312,0.889160,0.778320,0.667480,0.556641,0.889160,0.778320,0.667480,0.889160,0.778320,0.889160
4096,23,45,0.012915,0.046387,0.888672,0.777344,0.666016,0.554688,0.443359,0.332520,0.221680,0.110840,0.000000,0.888672,0.777344,0.666016,0.554688,0.443848,0.333008,0.222168,0.111328,0.888672,0.777344,0.666016,0.555176,0.444336,0.333496,0.222656,0.888672,0.777344,0.666504,0.555664,0.444824,0.333984,0.888672,0.777832,0.666992,0.556152,0.445312,0.889160,0.778320,0.667480,0.556641,0.889160,0.778320,0.667480,0.889160,0.778320,0.889160
4096,37,45,0.012673,0.060059,0.888672,0.777344,0.666016,0.554688,0.443359,0.332520,0.221680,0.110840,0.000000,0.888672,0.777344,0.666016,0.554688,0.443848,0.333008,0.222168,0.111328,0.888672,0.777344,0.666016,0.555176,0.444336,0.333496,0.222656,0.888672,0.777344,0.666504,0.555664,0.444824,0.333984,0.888672,0.777832,0.666992,0.556152,0.445312,0.889160,0.778320,0.667480,0.556641,0.889160,0.778320,0.667480,0.889160,0.778320,0.889160
8192,11,45,0.008809,0.040283,0.888672,0.777588,0.666504,0.555420,0.444336,0.333252,0.222168,0.111084,0.000000,0.888916,0.777832,0.666748,0.555664,0.444580,0.333496,0.222412,0.111328,0.888916,0.777832,0.666748,0.555664,0.444580,0.333496,0.222412,0.888916,0.777832,0.666748,0.555664,0.444580,0.333496,0.888916,0.777832,0.666748,0.555664,0.444580,0.888916,0.777832,0.666748,0.555664,0.888916,0.777832,0.666748,0.888916,0.777832,0.888916
8192,23,45,0.008676,0.035156,0.888672,0.777588,0.666504,0.555420,0.444336,0.333252,0.222168,0.111084,0.000000,0.888916,0.777832,0.666748,0.555664,0.444580,0.333496,0.222412,0.111328,0.888916,0.777832,0.666748,0.555664,0.444580,0.333496,0.222412,0.888916,0.777832,0.666748,0.555664,0.444580,0.333496,0.888916,0.777832,0.666748,0.555664,0.444580,0.888916,0.777832,0.666748,0.555664,0.888916,0.777832,0.666748,0.888916,0.777832,0.888916
8192,37,45,0.009185,0.055664,0.888672,0.777588,0.666504,0.555420,0.444336,0.333252,0.222168,0.111084,0.000000,0.888916,0.777832,0.666748,0.555664,0.444580,0.333496,0.222412,0.111328,0.888916,0.777832,0.666748,0.555664,0.444580,0.333496,0.222412,0.888916,0.777832,0.666748,0.555664,0.444580,0.333496,0.888916,0.777832,0.666748,0.555664,0.444580,0.888916,0.777832,0.666748,0.555664,0.888916,0.777832,0.666748,0.888916,0.777832,0.888916
