pair_type,missing_fields,strategy,dimension,comparisons,content_similarity,expected_cosine,measured_cosine,measured_p05,measured_p95,abs_map_error_p99
same_person,0,omit,512,6000,1.00000,1.00000,1.00000,1.00000,1.00000,0.00000
same_person,0,omit,2048,6000,1.00000,1.00000,1.00000,1.00000,1.00000,0.00000
same_person,0,omit,8192,6000,1.00000,1.00000,1.00000,1.00000,1.00000,0.00000
same_person,1,omit,512,6000,0.91287,0.91287,0.91376,0.90551,0.92170,0.01326
same_person,1,omit,2048,6000,0.91287,0.91287,0.91305,0.90886,0.91704,0.00652
same_person,1,omit,8192,6000,0.91287,0.91287,0.91299,0.91079,0.91512,0.00326
same_person,2,omit,512,6000,0.81650,0.81650,0.81787,0.79610,0.83795,0.03271
same_person,2,omit,2048,6000,0.81650,0.81650,0.81708,0.80678,0.82704,0.01566
same_person,2,omit,8192,6000,0.81650,0.81650,0.81669,0.81151,0.82193,0.00818
same_person,3,omit,512,6000,0.70711,0.70711,0.70888,0.67521,0.74141,0.05099
same_person,3,omit,2048,6000,0.70711,0.70711,0.70855,0.69189,0.72506,0.02609
same_person,3,omit,8192,6000,0.70711,0.70711,0.70722,0.69914,0.71505,0.01236
same_person,0,token_empty_string,512,6000,1.00000,1.00000,1.00000,1.00000,1.00000,0.00000
same_person,0,token_empty_string,2048,6000,1.00000,1.00000,1.00000,1.00000,1.00000,0.00000
same_person,0,token_empty_string,8192,6000,1.00000,1.00000,1.00000,1.00000,1.00000,0.00000
same_person,1,token_empty_string,512,6000,0.91287,0.83333,0.83433,0.81620,0.85118,0.02719
same_person,1,token_empty_string,2048,6000,0.91287,0.83333,0.83374,0.82411,0.84261,0.01440
same_person,1,token_empty_string,8192,6000,0.91287,0.83333,0.83365,0.82879,0.83812,0.00712
same_person,2,token_empty_string,512,6000,0.81650,0.66667,0.66105,0.62453,0.69679,0.05712
same_person,2,token_empty_string,2048,6000,0.81650,0.66667,0.66827,0.64869,0.68816,0.03275
same_person,2,token_empty_string,8192,6000,0.81650,0.66667,0.66547,0.65715,0.67413,0.01367
same_person,3,token_empty_string,512,6000,0.70711,0.50000,0.48557,0.43491,0.53580,0.08331
same_person,3,token_empty_string,2048,6000,0.70711,0.50000,0.50276,0.47546,0.53350,0.04764
same_person,3,token_empty_string,8192,6000,0.70711,0.50000,0.49657,0.48474,0.50891,0.02025
same_person,0,token_mixed_spellings,512,6000,1.00000,1.00000,1.00000,1.00000,1.00000,0.00000
same_person,0,token_mixed_spellings,2048,6000,1.00000,1.00000,1.00000,1.00000,1.00000,0.00000
same_person,0,token_mixed_spellings,8192,6000,1.00000,1.00000,1.00000,1.00000,1.00000,0.00000
same_person,1,token_mixed_spellings,512,6000,0.91287,0.83333,0.83428,0.81503,0.85143,0.02868
same_person,1,token_mixed_spellings,2048,6000,0.91287,0.83333,0.83355,0.82365,0.84290,0.01582
same_person,1,token_mixed_spellings,8192,6000,0.91287,0.83333,0.83355,0.82874,0.83808,0.00720
same_person,2,token_mixed_spellings,512,6000,0.81650,0.66667,0.66769,0.62989,0.70381,0.05894
same_person,2,token_mixed_spellings,2048,6000,0.81650,0.66667,0.66720,0.64833,0.68501,0.02898
same_person,2,token_mixed_spellings,8192,6000,0.81650,0.66667,0.66626,0.65704,0.67552,0.01433
same_person,3,token_mixed_spellings,512,6000,0.70711,0.50000,0.50072,0.44711,0.55432,0.08468
same_person,3,token_mixed_spellings,2048,6000,0.70711,0.50000,0.50038,0.47387,0.52678,0.04228
same_person,3,token_mixed_spellings,8192,6000,0.70711,0.50000,0.49865,0.48575,0.51159,0.02037
same_person,0,token_no_value,512,6000,1.00000,1.00000,1.00000,1.00000,1.00000,0.00000
same_person,0,token_no_value,2048,6000,1.00000,1.00000,1.00000,1.00000,1.00000,0.00000
same_person,0,token_no_value,8192,6000,1.00000,1.00000,1.00000,1.00000,1.00000,0.00000
same_person,1,token_no_value,512,6000,0.91287,0.83333,0.83265,0.81225,0.85055,0.03041
same_person,1,token_no_value,2048,6000,0.91287,0.83333,0.83475,0.82621,0.84369,0.01497
same_person,1,token_no_value,8192,6000,0.91287,0.83333,0.83388,0.82929,0.83823,0.00720
same_person,2,token_no_value,512,6000,0.81650,0.66667,0.66491,0.62684,0.70074,0.05962
same_person,2,token_no_value,2048,6000,0.81650,0.66667,0.67165,0.65428,0.68712,0.02679
same_person,2,token_no_value,8192,6000,0.81650,0.66667,0.66713,0.65832,0.67575,0.01377
same_person,3,token_no_value,512,6000,0.70711,0.50000,0.49832,0.44866,0.54647,0.08051
same_person,3,token_no_value,2048,6000,0.70711,0.50000,0.50940,0.48663,0.53104,0.03919
same_person,3,token_no_value,8192,6000,0.70711,0.50000,0.50026,0.48755,0.51317,0.02024
same_person,0,token_null,512,6000,1.00000,1.00000,1.00000,1.00000,1.00000,0.00000
same_person,0,token_null,2048,6000,1.00000,1.00000,1.00000,1.00000,1.00000,0.00000
same_person,0,token_null,8192,6000,1.00000,1.00000,1.00000,1.00000,1.00000,0.00000
same_person,1,token_null,512,6000,0.91287,0.83333,0.83607,0.81831,0.85185,0.02657
same_person,1,token_null,2048,6000,0.91287,0.83333,0.83243,0.82221,0.84219,0.01581
same_person,1,token_null,8192,6000,0.91287,0.83333,0.83316,0.82834,0.83789,0.00722
same_person,2,token_null,512,6000,0.81650,0.66667,0.66806,0.63210,0.70331,0.05483
same_person,2,token_null,2048,6000,0.81650,0.66667,0.66532,0.64663,0.68441,0.03013
same_person,2,token_null,8192,6000,0.81650,0.66667,0.66486,0.65568,0.67400,0.01475
same_person,3,token_null,512,6000,0.70711,0.50000,0.49917,0.44927,0.54925,0.07316
same_person,3,token_null,2048,6000,0.70711,0.50000,0.49775,0.47398,0.52254,0.03677
same_person,3,token_null,8192,6000,0.70711,0.50000,0.49614,0.48283,0.50964,0.02243
unrelated,0,omit,512,6000,0.00000,0.00000,0.01236,-0.05643,0.08000,0.10994
unrelated,0,omit,2048,6000,0.00000,0.00000,0.00021,-0.03362,0.03402,0.05478
unrelated,0,omit,8192,6000,0.00000,0.00000,0.00237,-0.01557,0.02027,0.02874
unrelated,1,omit,512,6000,0.00000,0.00000,0.00843,-0.06386,0.08031,0.11207
unrelated,1,omit,2048,6000,0.00000,0.00000,0.00114,-0.03364,0.03517,0.05386
unrelated,1,omit,8192,6000,0.00000,0.00000,0.00199,-0.01579,0.01983,0.02857
unrelated,2,omit,512,6000,0.00000,0.00000,0.00542,-0.06758,0.07504,0.10837
unrelated,2,omit,2048,6000,0.00000,0.00000,0.00151,-0.03379,0.03581,0.05252
unrelated,2,omit,8192,6000,0.00000,0.00000,0.00213,-0.01573,0.02011,0.02913
unrelated,3,omit,512,6000,0.00000,0.00000,0.00241,-0.07326,0.07474,0.11513
unrelated,3,omit,2048,6000,0.00000,0.00000,0.00057,-0.03471,0.03548,0.05414
unrelated,3,omit,8192,6000,0.00000,0.00000,0.00245,-0.01626,0.02105,0.02949
unrelated,0,token_empty_string,512,6000,0.00000,0.00000,0.01236,-0.05643,0.08000,0.10994
unrelated,0,token_empty_string,2048,6000,0.00000,0.00000,0.00021,-0.03362,0.03402,0.05478
unrelated,0,token_empty_string,8192,6000,0.00000,0.00000,0.00237,-0.01557,0.02027,0.02874
unrelated,1,token_empty_string,512,6000,0.00000,0.16667,0.16915,0.09850,0.23584,0.10920
unrelated,1,token_empty_string,2048,6000,0.00000,0.16667,0.16610,0.13098,0.20012,0.05433
unrelated,1,token_empty_string,8192,6000,0.00000,0.16667,0.16734,0.14967,0.18468,0.02709
unrelated,2,token_empty_string,512,6000,0.00000,0.33333,0.34228,0.28238,0.40006,0.09153
unrelated,2,token_empty_string,2048,6000,0.00000,0.33333,0.33098,0.29952,0.36177,0.04789
unrelated,2,token_empty_string,8192,6000,0.00000,0.33333,0.33574,0.31959,0.35145,0.02540
unrelated,3,token_empty_string,512,6000,0.00000,0.50000,0.52036,0.47274,0.56485,0.08367
unrelated,3,token_empty_string,2048,6000,0.00000,0.50000,0.49537,0.47031,0.51932,0.03853
unrelated,3,token_empty_string,8192,6000,0.00000,0.50000,0.50513,0.49120,0.51874,0.02498
unrelated,0,token_mixed_spellings,512,6000,0.00000,0.00000,0.01236,-0.05643,0.08000,0.10994
unrelated,0,token_mixed_spellings,2048,6000,0.00000,0.00000,0.00021,-0.03362,0.03402,0.05478
unrelated,0,token_mixed_spellings,8192,6000,0.00000,0.00000,0.00237,-0.01557,0.02027,0.02874
unrelated,1,token_mixed_spellings,512,6000,0.00000,0.05750,0.06456,-0.05554,0.21664,0.11287
unrelated,1,token_mixed_spellings,2048,6000,0.00000,0.05750,0.05787,-0.03122,0.18950,0.05522
unrelated,1,token_mixed_spellings,8192,6000,0.00000,0.05750,0.05894,-0.01349,0.17867,0.02732
unrelated,2,token_mixed_spellings,512,6000,0.00000,0.11467,0.12070,-0.04948,0.34892,0.11198
unrelated,2,token_mixed_spellings,2048,6000,0.00000,0.11467,0.11561,-0.02677,0.34017,0.05306
unrelated,2,token_mixed_spellings,8192,6000,0.00000,0.11467,0.11732,-0.00930,0.33761,0.02720
unrelated,3,token_mixed_spellings,512,6000,0.00000,0.16892,0.17649,-0.03824,0.40732,0.11494
unrelated,3,token_mixed_spellings,2048,6000,0.00000,0.16892,0.17063,-0.01823,0.36482,0.05163
unrelated,3,token_mixed_spellings,8192,6000,0.00000,0.16892,0.17426,-0.00461,0.35382,0.03136
unrelated,0,token_no_value,512,6000,0.00000,0.00000,0.01236,-0.05643,0.08000,0.10994
unrelated,0,token_no_value,2048,6000,0.00000,0.00000,0.00021,-0.03362,0.03402,0.05478
unrelated,0,token_no_value,8192,6000,0.00000,0.00000,0.00237,-0.01557,0.02027,0.02874
unrelated,1,token_no_value,512,6000,0.00000,0.16667,0.17773,0.10675,0.24688,0.10953
unrelated,1,token_no_value,2048,6000,0.00000,0.16667,0.16955,0.13431,0.20241,0.05402
unrelated,1,token_no_value,8192,6000,0.00000,0.16667,0.16918,0.15234,0.18529,0.02613
unrelated,2,token_no_value,512,6000,0.00000,0.33333,0.34779,0.28228,0.40764,0.09738
unrelated,2,token_no_value,2048,6000,0.00000,0.33333,0.33494,0.30280,0.36604,0.04933
unrelated,2,token_no_value,8192,6000,0.00000,0.33333,0.33747,0.32170,0.35280,0.02575
unrelated,3,token_no_value,512,6000,0.00000,0.50000,0.51753,0.46592,0.56487,0.08344
unrelated,3,token_no_value,2048,6000,0.00000,0.50000,0.49834,0.47286,0.52385,0.03879
unrelated,3,token_no_value,8192,6000,0.00000,0.50000,0.50536,0.48788,0.52038,0.02633
unrelated,0,token_null,512,6000,0.00000,0.00000,0.01236,-0.05643,0.08000,0.10994
unrelated,0,token_null,2048,6000,0.00000,0.00000,0.00021,-0.03362,0.03402,0.05478
unrelated,0,token_null,8192,6000,0.00000,0.00000,0.00237,-0.01557,0.02027,0.02874
unrelated,1,token_null,512,6000,0.00000,0.16667,0.17606,0.10808,0.24326,0.10718
unrelated,1,token_null,2048,6000,0.00000,0.16667,0.16642,0.13206,0.19862,0.05020
unrelated,1,token_null,8192,6000,0.00000,0.16667,0.16741,0.15138,0.18364,0.02572
unrelated,2,token_null,512,6000,0.00000,0.33333,0.34685,0.28738,0.40427,0.09428
unrelated,2,token_null,2048,6000,0.00000,0.33333,0.33088,0.30128,0.36071,0.04838
unrelated,2,token_null,8192,6000,0.00000,0.33333,0.33574,0.32143,0.35007,0.02313
unrelated,3,token_null,512,6000,0.00000,0.50000,0.51979,0.47024,0.56685,0.08416
unrelated,3,token_null,2048,6000,0.00000,0.50000,0.49460,0.46948,0.52206,0.04298
unrelated,3,token_null,8192,6000,0.00000,0.50000,0.50485,0.49041,0.51846,0.02399
