condition,tier,pairs,semantic_shift_mean
complete,unrelated_0,6899200,0.000000
complete,"low_(0,1/3)",296419200,0.000000
complete,"mid_[1/3,2/3)",63790800,0.000000
complete,"related_[2/3,1]",890400,0.000000
m30_omit,unrelated_0,132592503,0.000000
m30_omit,"low_(0,1/3)",181614235,0.000000
m30_omit,"mid_[1/3,2/3)",47804286,0.000000
m30_omit,"related_[2/3,1]",2075678,0.000000
m30_token,unrelated_0,132592503,0.092296
m30_token,"low_(0,1/3)",181614235,0.005243
m30_token,"mid_[1/3,2/3)",47804286,-0.015134
m30_token,"related_[2/3,1]",2075678,0.005797
